wall_clock_us,interval_us,paint_seq,pump_active_us,paint_latency_us,waited_deadline
1631496879,0,0,36189,30398,1
1631523051,0,0,7747,81,1
1631544858,0,0,643,64,1
1631557770,0,0,195,12,1
1631577593,0,0,280,33,1
1631597456,0,0,842,14,1
1631619889,0,0,4950,13,1
1631642098,0,1,1214,26,0
1631660885,0,1,4031,14,1
1631681173,39075,2,358,27,0
1631699319,0,2,1961,22,1
1631719111,37938,3,6695,20,0
1631746526,27415,4,235,27,0
1631759061,0,4,863,15,1
1631778035,31509,5,1357,22,0
1631800495,22459,6,201,25,0
1631818870,0,6,842,14,1
1631838037,37541,7,987,31,0
1631860126,22089,8,181,19,0
1631880222,0,8,1124,14,1
1631898327,38200,9,163,27,0
1631918997,0,9,798,14,1
1631937945,39618,10,992,26,0
1631959905,21959,11,212,24,0
1631978472,0,11,853,13,1
1631998037,38131,12,1046,22,0
1632020183,22145,13,201,27,0
1632039194,0,13,763,15,1
1632057941,37758,14,933,21,0
1632080223,22282,15,189,25,0
1632099133,0,15,818,14,1
1632118005,37782,16,935,28,0
1632141143,23137,17,184,24,0
1632159202,0,17,815,14,1
1632177997,36854,18,984,26,0
1632199560,21563,19,235,25,0
1632217672,0,19,974,14,1
1632238154,38594,20,986,24,0
1632258861,20706,21,990,24,0
1632280349,21487,22,209,23,0
1632297445,0,22,896,16,1
1632318076,37727,23,911,22,0
1632341008,22931,24,926,30,0
1632361033,20024,25,933,34,0
1632380049,19015,26,937,20,0
1632400042,19993,27,197,18,0
1632417596,0,27,785,15,1
1632437973,37931,28,989,24,0
1632460106,22132,29,1068,24,0
1632480200,20093,30,884,24,0
1632499848,19648,31,930,22,0
1632520247,20398,32,987,19,0
1632539916,19669,33,1002,19,0
1632559270,19354,34,968,25,0
1632579903,20632,35,185,19,0
1632598443,0,35,910,16,1
1632618108,38204,36,943,30,0
1632640858,22749,37,178,23,0
1632658503,0,37,878,14,1
1632678057,37199,38,994,21,0
1632700106,22049,39,958,19,0
1632719868,19762,40,912,18,0
1632739207,19338,41,873,20,0
1632759827,20620,42,973,19,0
1632779046,19219,43,981,21,0
1632800115,21068,44,864,20,0
1632819952,19837,45,883,17,0
1632840149,20196,46,140,19,0
1632857352,0,46,862,20,1
1632878041,37892,47,927,17,0
1632900102,22060,48,876,21,0
1632919983,19881,49,993,21,0
1632940223,20239,50,884,21,0
1632959875,19651,51,872,19,0
1632980163,20288,52,897,19,0
1632999899,19736,53,966,20,0
1633020232,20332,54,896,21,0
1633039879,19646,55,898,21,0
1633059186,19307,56,144,19,0
1633077349,0,56,884,14,1
1633098047,38860,57,87,31,0
1633117268,0,57,857,13,1
1633138063,40015,58,990,24,0
1633159961,21898,59,999,19,0
1633179232,19271,60,907,20,0
1633199891,20658,61,1030,21,0
1633220525,20634,62,1007,21,0
1633239652,19126,63,150,19,0
1633258918,0,63,881,19,1
1633278061,38409,64,958,19,0
1633300082,22020,65,1041,26,0
1633320121,20039,66,905,20,0
1633339995,19873,67,905,20,0
1633360128,20132,68,912,20,0
1633379981,19852,69,982,28,0
1633400223,20242,70,1072,19,0
1633418787,18563,71,1118,20,0
1633441212,22424,72,131,29,0
1633458243,0,72,790,14,1
1633477970,36758,73,1075,20,0
1633500335,22365,74,2093,22,0
1633524020,23685,75,312,29,0
1633540386,0,75,1252,14,1
1633558437,34416,76,1036,21,0
1633578254,19817,77,1123,21,0
1633598788,20533,78,328,23,0
1633617552,0,78,772,15,1
1633637965,39176,79,956,28,0
1633660188,22223,80,1104,23,0
1633681067,20878,81,1066,33,0
1633700116,19049,82,467,25,0
1633719514,0,82,1104,14,1
1633738319,38203,83,1156,33,0
1633760998,22678,84,230,22,0
1633780332,0,84,900,15,1
1633798089,37091,85,947,21,0
1633820898,22809,86,1078,21,0
1633839063,18164,87,1055,26,0
1633858285,19222,88,153,27,0
1633878813,0,88,817,14,1
1633897996,39710,89,930,20,0
1633919961,21964,90,908,21,0
1633940159,20198,91,902,21,0
1633959910,19750,92,1014,20,0
1633979042,19131,93,1007,20,0
1634001133,22091,94,132,21,0
1634017275,0,94,861,14,1
1634038041,36907,95,900,21,0
1634060033,21991,96,948,27,0
1634080135,20101,97,150,22,0
1634097813,0,97,816,15,1
1634118006,37870,98,916,25,0
1634140923,22917,99,916,18,0
1634160973,20049,100,883,20,0
1634180020,19047,101,900,27,0
1634200094,20074,102,1016,20,0
1634219865,19770,103,931,20,0
1634240207,20342,104,919,26,0
1634259883,19675,105,964,19,0
1634280257,20374,106,177,20,0
1634298953,0,106,827,16,1
1634318031,37774,107,945,40,0
1634340078,22046,108,1117,18,0
1634360456,20378,109,178,20,0
1634378942,0,109,773,15,1
1634397949,37492,110,889,18,0
1634420158,22209,111,167,24,0
1634439914,0,111,794,18,1
1634457976,37817,112,937,23,0
1634480209,22233,113,202,25,0
1634499154,0,113,806,14,1
1634517998,37788,114,1077,27,0
1634541257,23259,115,201,24,0
1634559064,0,115,804,21,1
1634577990,36732,116,945,24,0
1634600996,23006,117,163,24,0
1634618274,0,117,848,18,1
1634638034,37037,118,1004,21,0
1634661140,23106,119,180,23,0
1634679205,0,119,784,20,1
1634697963,36822,120,907,19,0
1634720178,22214,121,204,23,0
1634739199,0,121,816,15,1
1634757998,37819,122,937,22,0
1634780180,22181,123,200,24,0
1634799199,0,123,824,15,1
1634818008,37828,124,960,26,0
1634843113,25105,125,155,20,0
1634857316,0,125,810,20,1
1634878015,34901,126,1006,26,0
1634901162,23147,127,213,20,0
1634920186,0,127,1113,22,1
1634938326,37163,128,1093,38,0
1634961013,22686,129,201,35,0
1634978282,0,129,861,17,1
1634998058,37044,130,147,29,0
1635018881,0,130,828,17,1
1635038011,39953,131,898,25,0
1635060934,22923,132,147,29,0
1635079060,0,132,764,15,1
1635097944,37009,133,1028,19,0
1635120126,22181,134,176,22,0
1635140222,0,134,842,15,1
1635158021,37895,135,1041,22,0
1635181220,23199,136,225,22,0
1635199085,0,136,770,19,1
1635217957,36737,137,186,23,0
1635238252,0,137,836,14,1
1635258022,40064,138,165,28,0
1635278340,0,138,805,14,1
1635297981,39959,139,941,18,0
1635320130,22148,140,184,19,0
1635339214,0,140,808,14,1
1635357986,37856,141,1054,19,0
1635380301,22314,142,205,24,0
1635402062,0,142,763,18,1
1635417889,37588,143,965,22,0
1635440245,22356,144,184,19,0
1635459113,0,144,815,19,1
1635477993,37747,145,1070,19,0
1635500255,22262,146,157,19,0
1635518832,0,146,967,15,1
1635538162,37907,147,291,23,0
1635558037,0,147,879,20,1
1635578092,39930,148,1109,34,0
1635602977,24884,149,114,22,0
1635617224,0,149,972,19,1
1635638183,35205,150,185,32,0
1635658031,0,150,844,14,1
1635678040,39857,151,943,24,0
1635701072,23031,152,190,20,0
1635719253,0,152,777,22,1
1635737960,36888,153,904,21,0
1635760989,23028,154,191,23,0
1635779324,0,154,835,21,1
1635798025,37036,155,990,28,0
1635820152,22127,156,165,23,0
1635837376,0,156,799,13,1
1635857989,37837,157,961,23,0
1635881017,23027,158,166,30,0
1635899026,0,158,809,17,1
1635917986,36969,159,171,16,0
1635939362,0,159,832,14,1
1635958029,40043,160,930,37,0
1635981081,23052,161,193,24,0
1635999282,0,161,819,16,1
1636018005,36923,162,1051,26,0
1636040275,22270,163,186,24,0
1636059130,0,163,831,14,1
1636078023,37747,164,1069,32,0
1636100274,22251,165,906,27,0
1636120781,20507,166,201,23,0
1636138589,0,166,923,19,1
1636158132,37350,167,1000,32,0
1636180859,22727,168,196,19,0
1636198508,0,168,762,18,1
1636217947,37088,169,898,26,0
1636239158,21210,170,1017,18,0
1636260096,20938,171,873,20,0
1636280945,20849,172,185,20,0
1636298353,0,172,806,15,1
1636317989,37043,173,966,21,0
1636340145,22156,174,892,23,0
1636360764,20619,175,188,21,0
1636378586,0,175,828,14,1
1636398015,37250,176,988,25,0
1636420146,22130,177,891,24,0
1636440905,20759,178,903,20,0
1636459937,19032,179,944,24,0
1636480585,20647,180,1145,21,0
1636500723,20138,181,938,28,0
1636520371,19647,182,993,19,0
1636539798,19426,183,976,24,0
1636560783,20984,184,882,18,0
1636580263,19480,185,990,20,0
1636600739,20476,186,913,19,0
1636619332,18592,187,965,19,0
1636640786,21453,188,1016,19,0
1636661137,20351,189,896,18,0
1636679925,18787,190,891,23,0
1636700626,20701,191,1197,19,0
1636721539,20912,192,207,29,0
1636740715,0,192,1082,15,1
1636758286,36746,193,1075,38,0
1636780962,22676,194,164,28,0
1636799161,0,194,1026,14,1
1636818216,37253,195,182,28,0
1636842143,0,195,901,16,1
1636858027,39811,196,922,22,0
1636879910,21883,197,890,20,0
1636898992,19081,198,916,17,0
1636920045,21052,199,892,23,0
1636941008,20963,200,890,25,0
1636959844,18836,201,1063,22,0
1636979158,19313,202,873,20,0
1637000875,21717,203,886,19,0
1637020172,19297,204,991,19,0
1637040755,20582,205,980,19,0
1637061161,20406,206,1060,19,0
1637078785,17623,207,1006,25,0
1637101184,22399,208,874,21,0
1637119799,18615,209,898,24,0
1637139252,19452,210,896,21,0
1637160799,21546,211,892,18,0
1637180256,19457,212,886,18,0
1637199783,19526,213,905,17,0
1637220285,20502,214,960,20,0
1637240719,20434,215,902,20,0
1637259342,18622,216,902,20,0
1637279721,20379,217,899,20,0
1637299340,19618,218,945,20,0
1637320566,21226,219,891,26,0
1637339482,18916,220,950,20,0
1637359627,20144,221,1168,22,0
1637378391,18764,222,1051,22,0
1637400706,22315,223,949,26,0
1637420414,19708,224,944,21,0
1637440568,20153,225,159,22,0
1637458143,0,225,799,17,1
1637477986,37417,226,908,23,0
1637501085,23098,227,943,23,0
1637519973,18888,228,911,24,0
1637541097,21124,229,922,21,0
1637560931,19833,230,934,19,0
1637579118,18186,231,961,22,0
1637600025,20907,232,1039,20,0
1637618269,18244,233,1001,25,0
1637639896,21627,234,886,20,0
1637659152,19255,235,949,21,0
1637679962,20809,236,898,24,0
1637700964,21002,237,877,20,0
1637719025,18060,238,884,30,0
1637739023,19998,239,882,29,0
1637759023,20000,240,899,26,0
1637779039,20015,241,888,21,0
1637799016,19976,242,896,29,0
1637819041,20025,243,908,22,0
1637840037,20995,244,946,21,0
1637859110,19073,245,891,20,0
1637879941,20830,246,884,20,0
1637899143,19201,247,915,19,0
1637918980,19837,248,909,23,0
1637941093,22113,249,160,21,0
1637958038,0,249,770,14,1
1637977951,36857,250,968,24,0
1638000185,22233,251,908,20,0
1638019883,19698,252,901,19,0
1638039195,19311,253,955,22,0
1638059972,20776,254,1049,20,0
1638079299,19326,255,898,29,0
1638100639,21340,256,966,19,0
1638120487,19848,257,130,19,0
1638137334,0,257,863,13,1
1638158045,37557,258,891,23,0
1638179023,20977,259,937,27,0
1638199088,20064,260,1268,26,0
1638224214,25126,261,170,26,0
1638240049,0,261,865,15,1
1638258041,33826,262,926,24,0
1638279846,21804,263,954,19,0
1638299309,19462,264,921,23,0
1638319784,20474,265,938,24,0
1638339370,19586,266,915,23,0
1638359711,20341,267,941,23,0
1638379405,19694,268,938,22,0
1638399703,20297,269,949,22,0
1638420170,20466,270,959,19,0
1638440021,19850,271,1173,32,0
1638458401,18380,272,177,25,0
1638477843,0,272,832,15,1
1638498026,39625,273,967,32,0
1638520114,22087,274,153,19,0
1638538033,0,274,803,16,1
1638557978,37864,275,169,18,0
1638579500,0,275,795,14,1
1638597992,40013,276,950,28,0
1638620907,22915,277,138,23,0
1638637286,0,277,941,13,1
1638658132,37225,278,948,25,0
1638680016,21883,279,206,35,0
1638698348,0,279,833,15,1
1638718022,38006,280,974,29,0
1638740135,22113,281,203,24,0
1638759232,0,281,818,15,1
1638777996,37860,282,960,20,0
1638800200,22204,283,175,26,0
1638820136,0,283,787,14,1
1638837971,37770,284,983,22,0
1638860187,22216,285,183,24,0
1638879153,0,285,798,14,1
1638897976,37788,286,175,20,0
1638918058,0,286,778,14,1
1638937977,40000,287,958,27,0
1638960150,22173,288,238,24,0
1638979305,0,288,774,15,1
1638997952,37802,289,1002,19,0
1639020223,22270,290,208,24,0
1639039151,0,290,890,17,1
1639058042,37819,291,961,24,0
1639080105,22063,292,175,23,0
1639099240,0,292,773,22,1
1639117949,37843,293,937,17,0
1639140154,22205,294,169,19,0
1639159179,0,294,781,22,1
1639177961,37806,295,965,18,0
1639200171,22209,296,171,19,0
1639219176,0,296,1001,22,1
1639238192,38020,297,1197,24,0
1639261380,23188,298,148,24,0
1639278955,0,298,810,18,1
1639298009,36629,299,161,28,0
1639319142,0,299,778,19,1
1639337954,39944,300,1003,17,0
1639359703,21749,301,188,23,0
1639378701,0,301,829,18,1
1639398013,38310,302,954,24,0
1639420113,22100,303,169,23,0
1639439986,0,303,822,20,1
1639457990,37876,304,969,19,0
1639479177,21186,305,154,19,0
1639499022,0,305,849,14,1
1639518034,38856,306,204,24,0
1639538030,0,306,798,13,1
1639557983,39949,307,154,22,0
1639578324,0,307,850,14,1
1639598045,40062,308,192,23,0
1639617406,0,308,828,15,1
1639638008,39963,309,908,21,0
1639659939,21930,310,186,19,0
1639679407,0,310,809,14,1
1639698009,38070,311,984,38,0
1639720698,22689,312,196,22,0
1639738714,0,312,782,20,1
1639757962,37263,313,909,20,0
1639780981,23019,314,158,24,0
1639797272,0,314,782,16,1
1639817961,36979,315,1105,20,0
1639840791,22830,316,200,25,0
1639858623,0,316,801,15,1
1639878018,37226,317,212,39,0
1639899369,0,317,894,14,1
1639918043,40025,318,947,30,0
1639940289,22245,319,187,21,0
1639959035,0,319,780,15,1
1639977958,37668,320,971,19,0
1639999252,21294,321,952,25,0
1640019722,20470,322,920,19,0
1640040225,20503,323,951,19,0
1640059897,19671,324,223,19,0
1640078563,0,324,1101,16,1
1640098307,38410,325,912,28,0
1640120547,22239,326,922,21,0
1640140389,19842,327,993,17,0
1640159534,19144,328,922,20,0
1640180543,21008,329,911,18,0
1640199538,18995,330,931,24,0
1640220552,21013,331,213,21,0
1640237828,0,331,758,14,1
1640257936,37384,332,913,18,0
1640281005,23069,333,196,25,0
1640298291,0,333,770,14,1
1640317949,36943,334,887,18,0
1640340974,23025,335,892,23,0
1640360023,19049,336,941,25,0
1640379080,19056,337,942,20,0
1640399033,19952,338,964,20,0
1640419108,20075,339,1045,22,0
1640440974,21865,340,166,25,0
1640458435,0,340,905,16,1
1640478095,37120,341,951,29,0
1640500066,21971,342,946,25,0
1640520053,19986,343,988,23,0
1640540103,20050,344,954,20,0
1640561246,21143,345,909,20,0
1640579773,18526,346,936,23,0
1640599333,19559,347,908,24,0
1640619735,20402,348,933,19,0
1640640362,20627,349,902,19,0
1640659706,19343,350,892,20,0
1640680354,20648,351,890,19,0
1640700700,20346,352,887,19,0
1640720348,19647,353,928,19,0
1640739603,19255,354,984,21,0
1640758211,18608,355,943,27,0
1640779755,21544,356,910,20,0
1640800174,20419,357,886,20,0
1640819872,19698,358,977,20,0
1640839041,19168,359,946,22,0
1640860852,21811,360,946,20,0
1640879252,18399,361,937,18,0
1640899852,20599,362,967,20,0
1640919345,19492,363,923,24,0
1640940186,20841,364,936,18,0
1640960917,20731,365,174,21,0
1640978214,0,365,856,14,1
1640998047,37129,366,893,28,0
1641021012,22964,367,906,24,0
1641039049,18037,368,895,23,0
1641059017,19968,369,908,28,0
1641079111,20093,370,1000,23,0
1641100961,21850,371,909,20,0
1641120062,19100,372,917,25,0
1641140016,19954,373,903,24,0
1641159057,19040,374,908,23,0
1641180796,21738,375,878,21,0
1641199276,18479,376,988,20,0
1641220661,21385,377,933,25,0
1641240435,19774,378,889,17,0
1641260618,20182,379,903,21,0
1641280450,19832,380,906,20,0
1641299614,19163,381,883,20,0
1641319424,19810,382,909,18,0
1641339648,20223,383,893,21,0
1641359396,19748,384,881,18,0
1641379641,20245,385,893,18,0
1641399408,19766,386,956,18,0
1641419726,20317,387,1063,21,0
1641440275,20549,388,1684,18,0
1641460586,20310,389,1220,30,0
1641480788,20201,390,264,2277,0
1641497652,0,390,790,13,1
1641517977,37189,391,1024,21,0
1641540224,22246,392,1022,24,0
1641560020,19795,393,928,26,0
1641580124,20104,394,978,20,0
1641600040,19915,395,908,18,0
1641619037,18997,396,934,19,0
1641638841,19803,397,915,22,0
1641661025,22183,398,999,29,0
1641680090,19065,399,1054,25,0
1641700167,20076,400,1002,23,0
1641721470,21303,401,162,27,0
1641739813,0,401,790,20,1
1641758823,37352,402,1037,22,0
1641781388,22564,403,885,22,0
1641799606,18218,404,902,24,0
1641819454,19848,405,906,21,0
1641839657,20202,406,904,26,0
1641860277,20619,407,907,21,0
1641879837,19560,408,886,20,0
1641899248,19410,409,148,21,0
1641918849,0,409,800,14,1
1641937981,38733,410,903,19,0
1641958966,20985,411,927,23,0
1641979167,20200,412,884,21,0
1641999871,20704,413,889,17,0
1642019183,19311,414,875,19,0
1642039897,20714,415,981,18,0
1642061020,21122,416,175,26,0
1642078066,0,416,814,15,1
1642097992,36971,417,914,20,0
1642119145,21152,418,909,24,0
1642140777,21631,419,894,20,0
1642159335,18557,420,917,20,0
1642179751,20416,421,917,20,0
1642200325,20574,422,953,20,0
1642219797,19471,423,932,25,0
1642239355,19558,424,140,24,0
1642257342,0,424,805,14,1
1642277992,38637,425,1074,24,0
1642298258,20265,426,1092,26,0
1642318874,20616,427,1064,28,0
1642341354,22479,428,181,24,0
1642357336,0,428,819,15,1
1642378009,36655,429,957,29,0
1642400140,22130,430,199,25,0
1642419230,0,430,787,15,1
1642437965,37825,431,925,19,0
1642460368,22402,432,139,19,0
1642477501,0,432,869,13,1
1642498063,37695,433,966,27,0
1642520106,22042,434,175,24,0
1642540017,0,434,829,24,1
1642558021,37915,435,1126,28,0
1642579276,21254,436,955,24,0
1642599643,20366,437,959,25,0
1642620251,20608,438,191,22,0
1642639115,0,438,777,15,1
1642657955,37704,439,940,19,0
1642681163,23207,440,166,25,0
1642700104,0,440,787,15,1
1642717969,36806,441,973,21,0
1642741180,23211,442,166,25,0
1642760068,0,442,804,13,1
1642777981,36800,443,967,20,0
1642800154,22173,444,202,25,0
1642819266,0,444,815,15,1
1642837993,37838,445,962,20,0
1642860160,22167,446,183,26,0
1642879178,0,446,779,14,1
1642897973,37812,447,205,27,0
1642919644,0,447,915,17,1
1642938116,40143,448,968,30,0
1642960044,21928,449,201,24,0
1642979201,0,449,810,15,1
1642998008,37963,450,178,34,0
1643019334,0,450,812,19,1
1643038007,39998,451,188,33,0
1643060023,0,451,803,16,1
1643077981,39974,452,166,20,0
1643100122,0,452,804,15,1
1643117998,40016,453,978,24,0
1643142150,24152,454,189,24,0
1643160144,0,454,952,14,1
1643178145,35994,455,987,27,0
1643200074,21928,456,195,21,0
1643219292,0,456,810,15,1
1643237988,37914,457,942,20,0
1643260187,22199,458,189,19,0
1643279173,0,458,789,17,1
1643297966,37778,459,949,19,0
1643320208,22241,460,177,23,0
1643339015,0,460,794,22,1
1643357974,37766,461,917,20,0
1643378984,21009,462,189,22,0
1643398412,0,462,795,16,1
1643417970,38986,463,948,19,0
1643440225,22254,464,178,24,0
1643459171,0,464,818,20,1
1643477996,37771,465,970,21,0
1643500197,22200,466,178,23,0
1643519197,0,466,902,16,1
1643538066,37869,467,208,29,0
1643559328,0,467,893,15,1
1643578049,39982,468,175,35,0
1643597844,0,468,899,16,1
1643618088,40039,469,160,27,0
1643638243,0,469,787,20,1
1643657971,39882,470,191,22,0
1643678720,0,470,775,13,1
1643697972,40001,471,929,29,0
1643719987,22015,472,151,21,0
1643739298,0,472,783,14,1
1643757964,37977,473,916,22,0
1643780989,23024,474,176,23,0
1643798303,0,474,788,14,1
1643817970,36981,475,1009,22,0
1643840226,22256,476,200,26,0
1643859136,0,476,791,14,1
1643877972,37745,477,971,21,0
1643900169,22197,478,207,24,0
1643919208,0,478,788,14,1
1643937965,37796,479,958,21,0
1643960220,22254,480,190,22,0
1643979190,0,480,809,14,1
1643997988,37767,481,928,21,0
1644018782,20793,482,176,19,0
1644037381,0,482,773,14,1
1644057948,39166,483,920,18,0
1644080896,22948,484,169,23,0
1644099382,0,484,787,15,1
1644117967,37070,485,1186,21,0
1644140408,22440,486,187,27,0
1644159951,0,486,825,15,1
1644178027,37619,487,935,37,0
1644199919,21892,488,196,19,0
1644218445,0,488,863,14,1
1644238042,38123,489,990,20,0
1644260114,22071,490,958,20,0
1644280876,20761,491,970,20,0
1644300264,19388,492,980,25,0
1644320739,20475,493,946,21,0
1644341157,20418,494,177,20,0
1644357890,0,494,841,15,1
1644378024,36866,495,891,24,0
1644400076,22051,496,965,22,0
1644419111,19035,497,896,25,0
1644440395,21283,498,913,21,0
1644460685,20289,499,165,23,0
1644478686,0,499,797,15,1
1644497978,37293,500,919,22,0
1644520167,22188,501,935,24,0
1644539990,19823,502,892,20,0
1644560384,20393,503,884,21,0
1644580661,20276,504,908,22,0
1644599461,18800,505,150,20,0
1644617845,0,505,800,14,1
1644637985,38523,506,955,21,0
1644661014,23028,507,952,33,0
1644680036,19022,508,904,25,0
1644700799,20763,509,889,18,0
1644720250,19451,510,939,20,0
1644739846,19596,511,954,20,0
1644759336,19489,512,953,23,0
1644780776,21440,513,913,21,0
1644800299,19522,514,997,18,0
1644820632,20332,515,952,22,0
1644840354,19722,516,948,25,0
1644860620,20266,517,889,21,0
1644880297,19676,518,900,20,0
1644900758,20460,519,157,17,0
1644919355,0,519,801,15,1
1644937979,37221,520,918,20,0
1644958973,20994,521,1249,23,0
1644981464,22490,522,1060,37,0
1644999634,18170,523,184,25,0
1645017621,0,523,817,15,1
1645038007,38372,524,937,25,0
1645060043,22035,525,916,21,0
1645080044,20001,526,970,22,0
1645100134,20089,527,162,20,0
1645118989,0,527,887,19,1
1645138031,37896,528,930,22,0
1645160855,22824,529,902,24,0
1645180207,19351,530,880,20,0
1645199885,19677,531,982,21,0
1645221033,21148,532,923,21,0
1645240017,18983,533,905,32,0
1645260097,20080,534,939,21,0
1645280042,19945,535,902,22,0
1645300036,19993,536,164,18,0
1645317946,0,536,821,15,1
1645338012,37976,537,935,27,0
1645360098,22086,538,921,20,0
1645380858,20759,539,960,20,0
1645399268,18409,540,969,19,0
1645419930,20661,541,979,22,0
1645440229,20299,542,1027,22,0
1645459834,19604,543,904,21,0
1645479265,19430,544,969,20,0
1645499878,20613,545,936,20,0
1645519225,19346,546,942,20,0
1645539892,20667,547,1025,22,0
1645560336,20443,548,948,24,0
1645580769,20432,549,908,18,0
1645600303,19534,550,932,18,0
1645619790,19487,551,1054,18,0
1645639468,19677,552,933,21,0
1645659681,20212,553,154,20,0
1645677369,0,553,826,16,1
1645698019,38338,554,899,31,0
1645720041,22022,555,982,23,0
1645738201,18160,556,904,20,0
1645758736,20534,557,928,27,0
1645780580,21843,558,933,22,0
1645800523,19943,559,161,21,0
1645819383,0,559,771,14,1
1645837946,37422,560,886,18,0
1645859094,21147,561,902,18,0
1645878980,19885,562,878,18,0
1645899037,20056,563,911,19,0
1645919037,20000,564,896,20,0
1645939019,19982,565,914,22,0
1645959042,20022,566,940,23,0
1645980064,21021,567,994,34,0
1646000052,19988,568,158,26,0
1646017371,0,568,833,16,1
1646038335,38282,569,982,27,0
1646060981,22646,570,986,23,0
1646081110,20129,571,169,24,0
1646099051,0,571,786,14,1
1646117964,36853,572,898,19,0
1646139100,21136,573,973,20,0
1646159039,19939,574,909,22,0
1646181034,21994,575,914,22,0
1646199987,18953,576,947,26,0
1646221115,21128,577,895,17,0
1646240880,19765,578,163,20,0
1646258433,0,578,817,15,1
1646277997,37116,579,936,23,0
1646299164,21166,580,920,23,0
1646319977,20813,581,209,23,0
1646338447,0,581,802,15,1
1646357985,38008,582,912,22,0
1646380150,22164,583,204,22,0
1646398268,0,583,782,15,1
1646417967,37817,584,943,23,0
1646441139,23172,585,148,20,0
1646457610,0,585,862,14,1
1646478045,36905,586,1239,21,0
1646500372,22327,587,199,22,0
1646519048,0,587,1044,16,1
1646538236,37864,588,913,30,0
1646559416,21179,589,229,25,0
1646578992,0,589,874,15,1
1646598022,38605,590,1028,34,0
1646620272,22250,591,244,27,0
1646639149,0,591,801,16,1
1646657968,37696,592,1014,28,0
1646679227,21258,593,983,26,0
1646699929,20701,594,177,22,0
1646718410,0,594,803,16,1
1646737982,38053,595,940,19,0
1646759135,21152,596,953,24,0
1646779983,20848,597,168,20,0
1646798389,0,597,775,14,1
1646817952,37969,598,1037,19,0
1646839367,21414,599,145,23,0
1646857339,0,599,799,12,1
1646877978,38611,600,165,19,0
1646898225,0,600,794,14,1
1646917969,39990,601,138,19,0
1646937814,0,601,846,19,1
1646958044,40074,602,935,25,0
1646981056,23012,603,172,24,0
1646999550,0,603,830,18,1
1647018012,36955,604,935,21,0
1647040963,22951,605,167,19,0
1647059186,0,605,773,19,1
1647077952,36989,606,159,20,0
1647098247,0,606,853,18,1
1647118053,40101,607,985,27,0
1647140109,22055,608,1019,31,0
1647160126,20016,609,184,24,0
1647178217,0,609,800,18,1
1647197994,37868,610,160,30,0
1647220319,0,610,838,14,1
1647238042,40047,611,984,32,0
1647260986,22943,612,166,24,0
1647278090,0,612,790,19,1
1647297967,36981,613,966,29,0
1647320236,22268,614,175,24,0
1647340100,0,614,779,13,1
1647357958,37721,615,932,19,0
1647379185,21227,616,188,20,0
1647399232,0,616,783,15,1
1647417958,38772,617,916,19,0
1647440030,22072,618,166,32,0
1647459302,0,618,815,20,1
1647478030,37999,619,948,48,0
1647501087,23057,620,179,23,0
1647520213,0,620,826,19,1
1647537981,36894,621,941,22,0
1647561133,23152,622,154,25,0
1647578164,0,622,863,15,1
1647598056,36922,623,1098,28,0
1647618324,20268,624,956,23,0
1647640812,22487,625,170,24,0
1647659406,0,625,809,19,1
1647677997,37185,626,163,26,0
1647698216,0,626,815,20,1
1647717987,39989,627,171,17,0
1647737368,0,627,780,14,1
1647757966,39978,628,935,22,0
1647780143,22176,629,201,19,0
1647799241,0,629,806,13,1
1647818013,37869,630,946,37,0
1647839104,21091,631,941,20,0
1647860767,21662,632,185,20,0
1647878654,0,632,900,18,1
1647898114,37346,633,983,36,0
1647920921,22807,634,195,20,0
1647938391,0,634,793,18,1
1647957971,37050,635,953,18,0
1647981027,23056,636,171,31,0
1648000254,0,636,794,13,1
1648017972,36944,637,959,21,0
1648039224,21252,638,934,26,0
1648059934,20710,639,201,23,0
1648078483,0,639,781,15,1
1648097962,38027,640,904,22,0
1648120171,22209,641,910,23,0
1648139906,19735,642,930,24,0
1648159201,19294,643,913,24,0
1648179881,20680,644,935,24,0
1648199215,19333,645,161,19,0
1648218888,0,645,816,20,1
1648238004,38789,646,951,26,0
1648260979,22974,647,885,24,0
1648281023,20043,648,175,37,0
1648298300,0,648,802,15,1
1648317981,36957,649,931,21,0
1648340979,22997,650,887,22,0
1648360868,19889,651,923,25,0
1648380213,19344,652,1052,19,0
1648399780,19567,653,923,21,0
1648419319,19538,654,952,24,0
1648439805,20486,655,936,23,0
1648459346,19541,656,1148,24,0
1648480032,20685,657,1248,32,0
1648502168,22136,658,148,23,0
1648517996,0,658,823,15,1
1648537954,35785,659,890,21,0
1648559101,21147,660,906,19,0
1648579967,20865,661,1060,21,0
1648598323,18356,662,152,36,0
1648619780,0,662,778,15,1
1648637954,39630,663,994,21,0
1648661061,23106,664,863,23,0
1648680907,19846,665,895,19,0
1648699949,19041,666,917,20,0
1648719136,19187,667,927,21,0
1648739956,20820,668,889,24,0
1648760258,20301,669,897,19,0
1648780807,20549,670,907,20,0
1648800267,19460,671,885,20,0
1648819829,19561,672,148,21,0
1648837346,0,672,812,19,1
1648857995,38165,673,927,19,0
1648879747,21752,674,890,24,0
1648899297,19549,675,887,20,0
1648920746,21449,676,907,18,0
1648940321,19574,677,888,19,0
1648960727,20406,678,885,20,0
1648979316,18588,679,926,22,0
1648998770,19454,680,906,27,0
1649020287,21516,681,931,17,0
1649039813,19526,682,925,21,0
1649059338,19524,683,171,29,0
1649081990,0,683,834,15,1
1649097928,38589,684,949,21,0
1649120048,22120,685,946,26,0
1649140043,19995,686,937,20,0
1649160041,19998,687,1130,19,0
1649179052,19011,688,156,25,0
1649198072,0,688,816,16,1
1649217996,38943,689,165,20,0
1649237901,0,689,858,15,1
1649258044,40048,690,919,21,0
1649280911,22867,691,869,19,0
1649299106,18194,692,952,24,0
1649320017,20911,693,905,25,0
1649339039,19022,694,944,20,0
1649359042,20002,695,949,21,0
1649380040,20998,696,919,20,0
1649400036,19995,697,967,17,0
1649419129,19093,698,970,18,0
1649440036,20906,699,955,18,0
1649459116,19080,700,963,18,0
1649481013,21896,701,959,25,0
1649500123,19110,702,930,24,0
1649520534,20410,703,130,18,0
1649537836,0,703,807,15,1
1649557996,37462,704,901,23,0
1649579865,21868,705,154,18,0
1649598245,0,705,787,14,1
1649617975,38110,706,903,26,0
1649639893,21917,707,160,19,0
1649659219,0,707,917,14,1
1649678119,38225,708,958,31,0
1649699056,20937,709,156,24,0
1649717359,0,709,824,15,1
1649738035,38978,710,989,41,0
1649761116,23081,711,187,22,0
1649778066,0,711,822,20,1
1649797996,36879,712,158,16,0
1649817899,0,712,826,15,1
1649838030,40033,713,938,41,0
1649858735,20705,714,904,20,0
1649879371,20635,715,900,20,0
1649899728,20357,716,899,18,0
1649919372,19643,717,889,18,0
1649939674,20301,718,878,19,0
1649959404,19729,719,892,19,0
1649979646,20241,720,874,19,0
1649999427,19781,721,1162,18,0
1650019947,20520,722,196,59,0
1650039461,0,722,820,16,1
1650058007,38060,723,890,25,0
1650081046,23038,724,874,21,0
1650099936,18890,725,936,23,0
1650120156,20219,726,903,18,0
1650139912,19756,727,933,19,0
1650159242,19330,728,910,25,0
1650179838,20595,729,929,23,0
1650200251,20413,730,908,19,0
1650219824,19573,731,985,19,0
1650239345,19521,732,915,23,0
1650260729,21383,733,910,19,0
1650280347,19617,734,184,23,0
1650299037,0,734,803,14,1
1650317946,37599,735,996,31,0
1650340243,22297,736,197,24,0
1650359118,0,736,1073,14,1
1650378263,38019,737,992,26,0
1650400894,22630,738,185,19,0
1650419254,0,738,783,14,1
1650437970,37076,739,897,26,0
1650460751,22780,740,182,21,0
1650479594,0,740,795,15,1
1650497971,37220,741,934,20,0
1650520983,23011,742,187,20,0
1650539370,0,742,832,14,1
1650558022,37038,743,951,30,0
1650580156,22133,744,910,23,0
1650600694,20538,745,175,20,0
1650619645,0,745,833,14,1
1650638021,37327,746,942,26,0
1650660322,22301,747,208,23,0
1650679032,0,747,799,13,1
1650697979,37656,748,929,19,0
1650719109,21129,749,167,20,0
1650738213,0,749,794,14,1
1650757971,38862,750,942,18,0
1650780141,22169,751,198,19,0
1650799221,0,751,781,14,1
1650817959,37817,752,924,20,0
1650840779,22820,753,165,19,0
1650858551,0,753,806,17,1
1650877982,37202,754,915,18,0
1650899117,21135,755,1153,19,0
1650920246,21129,756,176,57,0
1650940140,0,756,888,17,1
1650958050,37803,757,164,27,0
1650979063,0,757,791,17,1
1650997981,39930,758,998,26,0
1651018201,20220,759,951,26,0
1651040937,22736,760,150,27,0
1651057317,0,760,897,17,1
1651078037,37099,761,132,21,0
1651097340,0,761,799,13,1
1651117997,39959,762,169,27,0
1651137791,0,762,789,15,1
1651157976,39978,763,922,23,0
1651180988,23012,764,149,23,0
1651198126,0,764,785,14,1
1651217964,36975,765,158,19,0
1651239778,0,765,787,14,1
1651257980,40016,766,946,29,0
1651281022,23041,767,183,33,0
1651299270,0,767,813,19,1
1651317991,36968,768,984,20,0
1651339209,21218,769,175,24,0
1651359124,0,769,798,15,1
1651377976,38766,770,951,20,0
1651400927,22951,771,158,25,0
1651418216,0,771,821,19,1
1651438008,37080,772,168,23,0
1651457452,0,772,777,14,1
1651477973,39964,773,1073,30,0
1651498285,20312,774,1034,31,0
1651520924,22639,775,173,23,0
1651538396,0,775,904,15,1
1651558053,37129,776,942,29,0
1651583949,25895,777,168,22,0
1651599377,0,777,841,17,1
1651618037,34088,778,915,24,0
1651639970,21932,779,180,20,0
1651659742,0,779,793,15,1
1651677983,38012,780,942,24,0
1651700607,22623,781,162,19,0
1651717593,0,781,818,14,1
1651738007,37399,782,973,25,0
1651760345,22338,783,155,25,0
1651778759,0,783,804,19,1
1651797985,37640,784,976,18,0
1651820676,22691,785,190,24,0
1651838694,0,785,1048,21,1
1651858243,37566,786,960,28,0
1651879925,21681,787,209,23,0
1651898521,0,787,781,15,1
1651917957,38032,788,947,18,0
1651939187,21229,789,961,24,0
1651960027,20839,790,197,40,0
1651978399,0,790,774,15,1
1651997955,37928,791,921,22,0
1652020143,22188,792,990,25,0
1652040031,19888,793,193,24,0
1652058382,0,793,783,15,1
1652077961,37929,794,911,21,0
1652100175,22214,795,929,21,0
1652120914,20738,796,923,18,0
1652140963,20049,797,147,23,0
1652157356,0,797,873,14,1
1652178047,37083,798,955,26,0
1652200081,22034,799,210,23,0
1652218305,0,799,792,15,1
1652237982,37900,800,999,28,0
1652259963,21980,801,186,24,0
1652278250,0,801,773,14,1
1652297951,37988,802,934,20,0
1652318934,20982,803,892,24,0
1652340886,21952,804,925,21,0
1652360144,19257,805,158,24,0
1652378949,0,805,798,14,1
1652397980,37836,806,156,18,0
1652418181,0,806,820,16,1
1652438022,40041,807,914,35,0
1652461053,23030,808,881,24,0
1652479934,18881,809,915,24,0
1652500169,20234,810,922,23,0
1652519914,19744,811,918,20,0
1652539015,19100,812,941,28,0
1652558646,19631,813,945,20,0
1652578886,20239,814,934,18,0
1652599261,20375,815,911,22,0
1652620808,21546,816,955,21,0
1652640303,19495,817,900,21,0
1652659808,19505,818,147,19,0
1652679287,0,818,806,15,1
1652697994,38186,819,934,26,0
1652720963,22969,820,163,19,0
1652738343,0,820,770,14,1
1652757956,36992,821,152,24,0
1652780355,0,821,826,15,1
1652798031,40074,822,146,34,0
1652819266,0,822,910,14,1
1652838106,40075,823,1035,30,0
1652862836,24730,824,164,28,0
1652879294,0,824,777,15,1
1652897952,35115,825,918,19,0
1652919128,21175,826,992,19,0
1652940804,21676,827,918,20,0
1652959275,18470,828,874,20,0
1652980754,21479,829,173,20,0
1652999452,0,829,810,14,1
1653017985,37230,830,166,18,0
1653038100,0,830,798,22,1
1653057992,40006,831,873,30,0
1653080913,22921,832,134,21,0
1653097278,0,832,807,15,1
1653117988,37075,833,876,19,0
1653140325,22337,834,877,19,0
1653159715,19389,835,885,19,0
1653179332,19617,836,907,20,0
1653199734,20402,837,885,19,0
1653219307,19572,838,963,19,0
1653240600,21293,839,1005,20,0
1653260348,19747,840,1037,19,0
1653278637,18289,841,979,22,0
1653300304,21666,842,928,24,0
1653318563,18259,843,155,19,0
1653339539,0,843,878,15,1
1653358067,39503,844,952,22,0
1653380918,22851,845,1104,23,0
1653400286,19367,846,1146,25,0
1653423041,22754,847,132,31,0
1653439043,0,847,834,15,1
1653458031,34990,848,930,32,0
1653479931,21900,849,968,20,0
1653500037,20105,850,1282,18,0
1653521429,21391,851,1186,30,0
1653541606,20177,852,933,26,0
1653561469,19863,853,1034,21,0
1653578222,16753,854,920,54,0
1653600757,22534,855,943,19,0
1653619386,18629,856,953,20,0
1653639735,20349,857,985,20,0
1653660419,20683,858,938,19,0
1653680556,20137,859,1049,18,0
1653700671,20114,860,914,20,0
1653720412,19740,861,900,19,0
1653739692,19280,862,907,20,0
1653759411,19718,863,876,19,0
1653779665,20254,864,900,17,0
1653800276,20611,865,928,17,0
1653820684,20407,866,927,19,0
1653840418,19734,867,918,17,0
1653859700,19281,868,880,18,0
1653880211,20511,869,887,19,0
1653899881,19669,870,880,22,0
1653919198,19317,871,882,19,0
1653939888,20689,872,885,22,0
1653959197,19309,873,881,19,0
1653979908,20711,874,922,42,0
1654000018,20109,875,181,25,0
1654019393,0,875,904,17,1
1654038046,38028,876,174,26,0
1654057789,0,876,817,15,1
1654078013,39966,877,903,30,0
1654100054,22041,878,909,21,0
1654119096,19041,879,892,22,0
1654138965,19869,880,903,22,0
1654159106,20140,881,886,24,0
1654180803,21697,882,167,22,0
1654198521,0,882,762,14,1
1654217937,37133,883,942,17,0
1654239041,21104,884,915,24,0
1654261040,21998,885,877,24,0
1654280805,19765,886,940,20,0
1654300307,19501,887,919,24,0
1654319776,19469,888,923,19,0
1654340307,20530,889,898,18,0
1654361164,20856,890,890,18,0
1654380830,19666,891,169,20,0
1654399497,0,891,805,14,1
1654417984,37154,892,934,20,0
1654439165,21180,893,971,18,0
1654459981,20816,894,199,23,0
1654478386,0,894,783,15,1
1654497964,37982,895,933,22,0
1654519148,21184,896,216,24,0
1654538235,0,896,802,15,1
1654557983,38834,897,964,20,0
1654579160,21177,898,209,26,0
1654598215,0,898,884,16,1
1654618055,38894,899,992,29,0
1654640216,22161,900,194,26,0
1654659143,0,900,1008,15,1
1654678227,38011,901,1029,25,0
1654700052,21824,902,169,26,0
1654718280,0,902,878,20,1
1654738036,37984,903,895,24,0
1654759030,20993,904,923,23,0
1654780911,21881,905,158,20,0
1654798399,0,905,834,16,1
1654818028,37116,906,945,35,0
1654840486,22458,907,188,25,0
1654859862,0,907,794,14,1
1654877975,37489,908,971,21,0
1654900465,22489,909,191,26,0
1654919896,0,909,795,17,1
1654937973,37508,910,956,20,0
1654960222,22248,911,184,23,0
1654980124,0,911,790,15,1
1654997964,37741,912,928,19,0
1655021020,23055,913,1182,32,0
1655044093,23072,914,147,26,0
1655058033,0,914,972,14,1
1655078345,34252,915,914,25,0
1655098537,20192,916,968,23,0
1655120598,22061,917,183,27,0
1655139743,0,917,783,15,1
1655157957,37358,918,942,17,0
1655179150,21193,919,171,20,0
1655199178,0,919,778,15,1
1655217954,38803,920,917,19,0
1655241731,23776,921,163,24,0
1655259532,0,921,840,15,1
1655278038,36307,922,1041,27,0
1655301073,23034,923,143,24,0
1655319160,0,923,880,14,1
1655338091,37018,924,977,21,0
1655360123,22031,925,172,25,0
1655380029,0,925,822,14,1
1655398005,37881,926,917,22,0
1655420103,22098,927,173,18,0
1655439230,0,927,782,15,1
1655457957,37853,928,945,20,0
1655480161,22204,929,190,24,0
1655499194,0,929,806,15,1
1655517984,37823,930,968,20,0
1655539189,21204,931,967,23,0
1655560823,21633,932,147,23,0
1655577510,0,932,803,15,1
1655597985,37161,933,946,22,0
1655619173,21187,934,936,25,0
1655640934,21761,935,143,24,0
1655659066,0,935,800,15,1
1655677988,37053,936,948,19,0
1655700181,22193,937,186,19,0
1655719220,0,937,798,13,1
1655737987,37805,938,952,26,0
1655762903,24916,939,180,27,0
1655779377,0,939,793,14,1
1655797973,35069,940,1035,21,0
1655820238,22265,941,209,24,0
1655839147,0,941,943,15,1
1655858131,37893,942,922,27,0
1655880029,21897,943,180,30,0
1655897611,0,943,801,15,1
1655917998,37969,944,906,32,0
1655940473,22475,945,184,19,0
1655958211,0,945,816,20,1
1655977998,37525,946,955,20,0
1656000613,22614,947,954,19,0
1656020508,19895,948,169,19,0
1656037400,0,948,837,20,1
1656058030,37522,949,1068,23,0
1656078297,20266,950,933,24,0
1656099876,21578,951,198,25,0
1656118494,0,951,817,14,1
1656137997,38121,952,930,22,0
1656158978,20981,953,965,24,0
1656180156,21177,954,974,23,0
1656200976,20820,955,878,19,0
1656220764,19788,956,165,19,0
1656238614,0,956,810,14,1
1656257987,37222,957,994,18,0
1656279181,21194,958,910,22,0
1656300895,21713,959,178,20,0
1656319237,0,959,810,14,1
1656337993,37098,960,921,22,0
1656360105,22111,961,188,27,0
1656378322,0,961,828,14,1
1656398014,37908,962,946,28,0
1656420161,22147,963,919,23,0
1656440919,20758,964,956,20,0
1656460163,19243,965,934,26,0
1656481233,21070,966,381,22,0
1656500125,0,966,924,19,1
1656518117,36884,967,995,31,0
1656540045,21927,968,894,20,0
1656559873,19828,969,977,23,0
1656581031,21158,970,860,20,0
1656600277,19246,971,880,19,0
1656620762,20485,972,939,21,0
1656640342,19579,973,1031,20,0
1656659905,19562,974,918,19,0
1656679203,19298,975,865,19,0
1656699819,20615,976,1056,18,0
1656719425,19606,977,1140,26,0
1656740896,21471,978,174,26,0
1656760241,0,978,790,15,1
1656777976,37079,979,867,26,0
1656798917,20941,980,970,20,0
1656820218,21301,981,889,21,0
1656840835,20616,982,874,20,0
1656860444,19608,983,955,21,0
1656879673,19228,984,1051,23,0
1656899551,19878,985,161,19,0
1656917491,0,985,842,20,1
1656938033,38481,986,914,21,0
1656960894,22861,987,888,17,0
1656980110,19215,988,923,22,0
1656999833,19722,989,881,19,0
1657019210,19377,990,920,18,0
1657039878,20668,991,937,20,0
1657059208,19329,992,914,22,0
1657079880,20672,993,1217,25,0
1657100519,20638,994,1215,27,0
1657119983,19463,995,1347,23,0
1657138546,18563,996,926,24,0
1657159550,21003,997,911,19,0
1657180527,20976,998,154,19,0
1657197388,0,998,890,16,1
1657218074,37546,999,905,24,0
1657240021,21947,1000,990,28,0
1657260136,20114,1001,923,21,0
1657280007,19870,1002,918,25,0
1657300462,20455,1003,939,19,0
1657320655,20193,1004,928,21,0
1657340447,19792,1005,945,19,0
1657360674,20226,1006,934,19,0
1657380435,19761,1007,949,20,0
1657399712,19276,1008,1111,21,0
1657420436,20724,1009,1000,19,0
1657440601,20164,1010,969,24,0
1657460537,19936,1011,1022,21,0
1657480518,19981,1012,155,20,0
1657498600,0,1012,776,20,1
1657517958,37439,1013,981,23,0
1657541060,23102,1014,961,23,0
1657561026,19965,1015,959,40,0
1657580044,19017,1016,995,24,0
1657600173,20129,1017,928,23,0
1657619965,19791,1018,1037,20,0
1657640570,20604,1019,925,25,0
1657659563,18993,1020,1017,19,0
1657680499,20936,1021,1196,23,0
1657700746,20246,1022,924,20,0
1657720374,19628,1023,909,21,0
1657739707,19332,1024,874,19,0
1657759326,19618,1025,944,19,0
1657779804,20478,1026,929,19,0
1657799288,19483,1027,919,20,0
1657819798,20510,1028,902,20,0
1657841034,21236,1029,1008,18,0
1657860080,19045,1030,1011,20,0
1657879094,19014,1031,1128,19,0
1657898985,19891,1032,862,21,0
1657919041,20055,1033,950,19,0
1657939071,20030,1034,905,20,0
1657958997,19926,1035,912,19,0
1657979098,20101,1036,870,19,0
1657998932,19833,1037,1017,19,0
1658019262,20329,1038,984,21,0
1658039881,20619,1039,893,18,0
1658059179,19297,1040,896,19,0
1658079878,20699,1041,188,19,0
1658099411,19532,1042,980,945,0
1658117238,0,1042,1001,27,1
1658139995,40583,1043,885,21,0
1658159100,19105,1044,918,19,0
1658179979,20878,1045,876,19,0
1658199103,19124,1046,909,19,0
1658218979,19876,1047,934,19,0
1658239166,20186,1048,931,21,0
1658259923,20757,1049,935,18,0
1658279251,19327,1050,164,23,0
1658297950,0,1050,904,24,1
1658318109,38857,1051,894,32,0
1658340958,22849,1052,167,20,0
1658357310,0,1052,911,14,1
1658378102,37143,1053,946,21,0
1658400878,22776,1054,163,21,0
1658419386,0,1054,821,14,1
1658438011,37133,1055,990,27,0
1658460623,22612,1056,165,20,0
1658479702,0,1056,853,13,1
1658498031,37407,1057,916,22,0
1658520777,22745,1058,178,28,0
1658538610,0,1058,764,19,1
1658557946,37169,1059,884,23,0
1658580966,23019,1060,170,21,0
1658600316,0,1060,819,16,1
1658618009,37042,1061,171,29,0
1658639094,0,1061,953,17,1
1658658145,40136,1062,1025,22,0
1658680926,22780,1063,137,22,0
1658700180,0,1063,873,18,1
1658718041,37115,1064,179,22,0
1658738045,0,1064,783,13,1
1658757959,39917,1065,1008,29,0
1658782209,24250,1066,184,21,0
1658800100,0,1066,927,18,1
1658818116,35907,1067,959,23,0
1658841019,22902,1068,176,30,0
1658859770,0,1068,890,13,1
1658878038,37018,1069,1050,20,0
1658901189,23151,1070,185,26,0
1658920075,0,1070,813,19,1
1658938042,36852,1071,163,43,0
1658959060,0,1071,833,15,1
1658978026,39983,1072,1004,40,0
1659001167,23140,1073,150,21,0
1659019900,0,1073,994,15,1
1659038144,36977,1074,922,26,0
1659059721,21576,1075,170,19,0
1659079387,0,1075,762,14,1
1659097941,38219,1076,932,19,0
1659120042,22101,1077,172,25,0
1659139359,0,1077,750,20,1
1659157933,37891,1078,163,22,0
1659178423,0,1078,904,14,1
1659198094,40160,1079,1105,29,0
1659220251,22157,1080,157,23,0
1659238942,0,1080,823,19,1
1659258015,37763,1081,957,24,0
1659280214,22198,1082,187,22,0
1659300387,0,1082,874,14,1
1659318046,37832,1083,221,28,0
1659337470,0,1083,941,23,1
1659358139,40092,1084,186,30,0
1659379212,0,1084,793,15,1
1659397998,39859,1085,935,36,0
1659421096,23098,1086,166,18,0
1659439180,0,1086,766,16,1
1659457955,36858,1087,968,24,0
1659480617,22662,1088,185,24,0
1659498787,0,1088,841,15,1
1659518030,37412,1089,1168,21,0
1659540314,22284,1090,205,26,0
1659560062,0,1090,834,18,1
1659578037,37723,1091,173,46,0
1659599334,0,1091,904,16,1
1659618099,40062,1092,150,25,0
1659639248,0,1092,836,14,1
1659658039,39939,1093,990,24,0
1659681126,23087,1094,174,23,0
1659699950,0,1094,798,20,1
1659717990,36863,1095,931,28,0
1659742007,24017,1096,141,33,0
1659757289,0,1096,859,12,1
1659778072,36065,1097,949,24,0
1659801068,22996,1098,185,23,0
1659819184,0,1098,848,15,1
1659838042,36973,1099,977,31,0
1659860107,22064,1100,173,22,0
1659878272,0,1100,813,15,1
1659897994,37887,1101,953,19,0
1659919127,21133,1102,175,19,0
1659938217,0,1102,877,14,1
1659958078,38951,1103,1011,32,0
1659980112,22034,1104,182,19,0
1660000244,0,1104,1025,17,1
1660018217,38105,1105,1049,27,0
1660040867,22649,1106,174,24,0
1660059469,0,1106,761,14,1
1660077940,37073,1107,919,21,0
1660100387,22446,1108,1028,19,0
1660120800,20412,1109,163,18,0
1660139381,0,1109,850,14,1
1660158066,37266,1110,907,41,0
1660180065,21998,1111,192,23,0
1660199294,0,1111,1030,16,1
1660218224,38159,1112,946,24,0
1660240738,22513,1113,188,29,0
1660258627,0,1113,813,15,1
1660277996,37257,1114,975,23,0
1660301143,23147,1115,168,18,0
1660319188,0,1115,797,15,1
1660337978,36834,1116,890,22,0
1660360075,22097,1117,885,19,0
1660378991,18915,1118,904,26,0
1660399088,20097,1119,894,24,0
1660418989,19900,1120,897,26,0
1660440044,21055,1121,881,23,0
1660459020,18975,1122,881,32,0
1660479035,20015,1123,913,22,0
1660499051,20015,1124,948,23,0
1660520043,20991,1125,860,22,0
1660539010,18967,1126,883,33,0
1660559035,20024,1127,894,23,0
1660580027,20992,1128,940,27,0
1660599144,19116,1129,884,24,0
1660620896,21752,1130,885,20,0
1660640008,19112,1131,922,34,0
1660660951,20943,1132,929,23,0
1660680127,19175,1133,902,23,0
1660699935,19807,1134,899,19,0
1660719137,19202,1135,898,23,0
1660739921,20784,1136,906,17,0
1660760148,20226,1137,1639,22,0
1660781525,21377,1138,1139,25,0
1660800960,19434,1139,193,24,0
1660818337,0,1139,970,16,1
1660838165,37204,1140,955,30,0
1660860824,22659,1141,1086,25,0
1660881403,20578,1142,1013,31,0
1660900499,19096,1143,1085,20,0
1660918471,17972,1144,165,33,0
1660937717,0,1144,802,16,1
1660957974,39502,1145,169,20,0
1660977988,0,1145,784,16,1
1660997931,39957,1146,880,21,0
1661019975,22043,1147,1000,19,0
1661040246,20271,1148,900,21,0
1661059870,19623,1149,884,20,0
1661079227,19357,1150,888,21,0
1661100688,21460,1151,973,22,0
1661119495,18807,1152,917,20,0
1661139635,20139,1153,889,21,0
1661159463,19827,1154,889,24,0
1661180589,21126,1155,906,18,0
1661200483,19893,1156,879,21,0
1661219559,19076,1157,898,20,0
1661239504,19945,1158,957,21,0
1661260496,20991,1159,954,22,0
1661280636,20140,1160,894,20,0
1661299419,18782,1161,905,19,0
1661319654,20235,1162,911,19,0
1661339423,19768,1163,983,20,0
1661359734,20311,1164,918,20,0
1661379352,19617,1165,1042,20,0
1661399863,20511,1166,1084,24,0
1661419407,19543,1167,1111,26,0
1661438509,19102,1168,1274,22,0
1661460958,22449,1169,329,34,0
1661478483,0,1169,2540,19,1
1661499744,38785,1170,3645,28,0
1661526211,26467,1171,149,21,0
1661538971,0,1171,1215,14,1
1661560326,34115,1172,1046,30,0
1661580893,20567,1173,973,20,0
1661599205,18311,1174,1010,24,0
1661618231,19025,1175,1057,22,0
1661638290,20059,1176,923,23,0
1661658670,20379,1177,911,23,0
1661679410,20740,1178,1012,23,0
1661698276,18865,1179,928,22,0
1661720833,22557,1180,900,20,0
1661740104,19271,1181,906,19,0
1661760979,20874,1182,1004,18,0
1661780668,19689,1183,920,25,0
1661800420,19751,1184,960,19,0
1661820708,20288,1185,921,19,0
1661839241,18533,1186,892,19,0
1661860820,21578,1187,999,23,0
1661881124,20303,1188,1020,19,0
1661898787,17663,1189,892,22,0
1661920127,21340,1190,987,21,0
1661940105,19977,1191,926,21,0
1661958928,18823,1192,887,23,0
1661980974,22046,1193,1079,21,0
1661998226,17251,1194,248,23,0
1662020049,0,1194,797,15,1
1662037954,39728,1195,181,35,0
1662057403,0,1195,986,16,1
1662078196,40241,1196,878,37,0
1662100715,22519,1197,904,22,0
1662120351,19635,1198,922,19,0
1662140740,20389,1199,156,19,0
1662158351,0,1199,776,14,1
1662177960,37219,1200,971,25,0
1662200180,22220,1201,925,25,0
1662219911,19730,1202,193,22,0
1662238495,0,1202,808,14,1
1662257993,38082,1203,954,25,0
1662280187,22193,1204,991,22,0
1662300034,19847,1205,1014,24,0
1662321008,20973,1206,182,28,0
1662338338,0,1206,791,19,1
1662357975,36967,1207,967,22,0
1662380172,22196,1208,941,25,0
1662400933,20760,1209,171,20,0
1662419343,0,1209,843,13,1
1662438023,37089,1210,930,18,0
1662461222,23199,1211,169,21,0
1662479917,0,1211,851,13,1
1662498039,36817,1212,925,24,0
1662520130,22091,1213,198,23,0
1662539279,0,1213,835,14,1
1662558026,37895,1214,949,29,0
1662580192,22165,1215,180,24,0
1662599223,0,1215,847,14,1
1662618051,37859,1216,972,40,0
1662640157,22106,1217,196,23,0
1662659264,0,1217,874,14,1
1662678055,37897,1218,1079,39,0
1662700285,22230,1219,175,20,0
1662719920,0,1219,809,13,1
1662737987,37701,1220,917,20,0
1662759096,21108,1221,911,19,0
1662781036,21939,1222,160,28,0
1662798064,0,1222,808,15,1
1662817995,36959,1223,958,22,0
1662840994,22999,1224,156,23,0
1662860132,0,1224,948,14,1
1662878146,37151,1225,923,31,0
1662899938,21791,1226,179,23,0
1662918462,0,1226,781,20,1
1662937965,38026,1227,936,24,0
1662960225,22260,1228,187,24,0
1662979118,0,1228,824,14,1
1662998031,37805,1229,182,42,0
1663017393,0,1229,779,16,1
1663037959,39927,1230,1015,20,0
1663061243,23284,1231,214,23,0
1663080088,0,1231,904,20,1
1663098078,36834,1232,887,22,0
1663118778,20699,1233,1008,23,0
1663140203,21425,1234,186,24,0
1663160154,0,1234,908,15,1
1663178094,37891,1235,901,26,0
1663198770,20675,1236,186,25,0
1663219383,0,1236,848,19,1
1663238352,39581,1237,940,37,0
1663260760,22408,1238,170,23,0
1663280342,0,1238,1201,15,1
1663298435,37675,1239,171,34,0
1663319781,0,1239,912,19,1
1663338099,39663,1240,145,24,0
1663358994,0,1240,780,15,1
1663377941,39841,1241,160,31,0
1663399151,0,1241,973,14,1
1663418188,40247,1242,177,38,0
1663437392,0,1242,877,13,1
1663458053,39864,1243,972,30,0
1663480993,22939,1244,180,28,0
1663499291,0,1244,807,15,1
1663517998,37005,1245,973,28,0
1663541291,23292,1246,175,23,0
1663559998,0,1246,803,18,1
1663577997,36706,1247,986,22,0
1663600648,22650,1248,187,25,0
1663619703,0,1248,895,18,1
1663638037,37389,1249,197,22,0
1663657427,0,1249,791,19,1
1663677967,39930,1250,910,19,0
1663700119,22151,1251,191,24,0
1663720227,0,1251,842,14,1
1663738027,37907,1252,945,23,0
1663761226,23199,1253,184,19,0
1663780064,0,1253,807,16,1
1663797974,36747,1254,956,24,0
1663821305,23331,1255,220,23,0
1663839101,0,1255,824,25,1
1663858031,36726,1256,1008,37,0
1663880697,22665,1257,157,22,0
1663898418,0,1257,914,17,1
1663918133,37436,1258,929,33,0
1663940974,22840,1259,173,19,0
1663958161,0,1259,823,14,1
1663978013,37039,1260,941,28,0
1663999962,21948,1261,958,19,0
1664021171,21209,1262,180,25,0
1664039125,0,1262,817,14,1
1664057994,36822,1263,951,21,0
1664079905,21911,1264,946,25,0
1664100929,21023,1265,185,19,0
1664118122,0,1265,860,16,1
1664138041,37111,1266,950,21,0
1664161098,23057,1267,956,25,0
1664180809,19710,1268,210,28,0
1664198619,0,1268,823,13,1
1664218010,37201,1269,1012,27,0
1664240168,22157,1270,198,22,0
1664258202,0,1270,822,13,1
1664278013,37845,1271,930,28,0
1664300083,22069,1272,889,21,0
1664319970,19886,1273,933,19,0
1664339139,19168,1274,929,20,0
1664359958,20819,1275,894,21,0
1664379956,19997,1276,891,18,0
1664399103,19147,1277,908,19,0
1664420977,21874,1278,957,24,0
1664439937,18959,1279,951,22,0
1664460820,20882,1280,170,20,0
1664482280,0,1280,791,15,1
1664497926,37106,1281,972,27,0
1664519941,22015,1282,894,22,0
1664539120,19178,1283,879,19,0
1664560776,21656,1284,902,20,0
1664579294,18517,1285,986,19,0
1664599869,20574,1286,912,18,0
1664620203,20334,1287,877,18,0
1664639880,19676,1288,911,19,0
1664660243,20363,1289,166,18,0
1664677383,0,1289,857,15,1
1664698040,37796,1290,868,23,0
1664720055,22014,1291,982,23,0
1664740138,20082,1292,918,22,0
1664760938,20800,1293,885,21,0
1664780054,19115,1294,889,20,0
1664800038,19984,1295,1007,18,0
1664819181,19142,1296,1014,20,0
1664840867,21685,1297,901,20,0
1664859245,18378,1298,891,17,0
1664879803,20558,1299,1039,18,0
1664899274,19470,1300,910,25,0
1664920796,21522,1301,878,20,0
1664939286,18489,1302,886,19,0
1664959814,20527,1303,973,19,0
1664979369,19555,1304,1117,20,0
1665004785,25416,1305,1135,39,0
1665024318,19532,1306,132,25,0
1665037319,0,1306,817,14,1
1665058022,33703,1307,972,24,0
1665081121,23098,1308,191,21,0
1665099286,0,1308,797,20,1
1665117992,36870,1309,944,31,0
1665139201,21209,1310,905,23,0
1665160865,21663,1311,1017,17,0
1665180359,19494,1312,960,18,0
1665199761,19401,1313,905,18,0
1665219303,19542,1314,1052,18,0
1665238275,18971,1315,865,21,0
1665260626,22351,1316,943,23,0
1665279517,18890,1317,154,21,0
1665299592,0,1317,817,15,1
1665317998,38480,1318,1053,23,0
1665339897,21899,1319,1019,27,0
1665359283,19386,1320,936,20,0
1665379813,20529,1321,928,19,0
1665400279,20466,1322,149,19,0
1665417360,0,1322,803,14,1
1665437988,37708,1323,1041,23,0
1665458222,20234,1324,987,26,0
1665479945,21723,1325,1023,24,0
1665498260,18314,1326,160,29,0
1665518023,0,1326,782,15,1
1665537963,39703,1327,1075,22,0
1665558288,20325,1328,982,26,0
1665579586,21297,1329,1032,20,0
1665599670,20084,1330,941,20,0
1665619445,19774,1331,979,18,0
1665639570,20125,1332,1090,22,0
1665660564,20993,1333,944,20,0
1665680561,19997,1334,949,21,0
1665700555,19993,1335,153,22,0
1665719550,0,1335,773,15,1
1665737969,37414,1336,1187,30,0
1665758410,20441,1337,174,26,0
1665782784,0,1337,863,14,1
1665797998,39587,1338,917,29,0
1665821122,23123,1339,1037,22,0
1665838204,17082,1340,1028,22,0
1665858763,20559,1341,926,23,0
1665880202,21438,1342,159,23,0
1665898902,0,1342,872,17,1
1665918054,37852,1343,192,25,0
1665939183,0,1343,756,15,1
1665957942,39887,1344,967,23,0
1665980232,22289,1345,885,20,0
1665999885,19652,1346,932,19,0
1666019264,19379,1347,999,24,0
1666039934,20669,1348,884,20,0
1666059167,19233,1349,886,24,0
1666080878,21710,1350,162,21,0
1666098408,0,1350,781,14,1
1666117965,37087,1351,872,18,0
1666140932,22967,1352,178,24,0
1666160201,0,1352,770,16,1
1666177952,37020,1353,972,23,0
1666198220,20267,1354,983,23,0
1666219707,21486,1355,1057,20,0
1666240390,20683,1356,147,19,0
1666259320,0,1356,813,19,1
1666277991,37601,1357,1038,21,0
1666301078,23086,1358,204,26,0
1666319250,0,1358,785,18,1
1666337985,36906,1359,204,38,0
1666360400,0,1359,864,19,1
1666378061,40075,1360,1023,31,0
1666400148,22087,1361,939,23,0
1666420949,20800,1362,895,20,0
1666440827,19877,1363,184,24,0
1666459525,0,1363,811,15,1
1666477994,37166,1364,984,22,0
1666499224,21230,1365,932,22,0
1666519940,20715,1366,194,19,0
1666538426,0,1366,815,15,1
1666557995,38054,1367,1230,21,0
1666581287,23291,1368,224,28,0
1666599108,0,1368,1012,28,1
1666618194,36907,1369,162,24,0
1666638014,0,1369,775,25,1
1666657957,39762,1370,147,27,0
1666677362,0,1370,783,21,1
1666697964,40006,1371,967,16,0
1666720179,22215,1372,203,19,0
1666739192,0,1372,805,14,1
1666757993,37814,1373,975,24,0
1666780157,22163,1374,194,19,0
1666799210,0,1374,869,14,1
1666818065,37907,1375,974,27,0
1666840112,22047,1376,205,25,0
1666859258,0,1376,769,16,1
1666877948,37836,1377,927,18,0
1666901033,23084,1378,147,24,0
1666917298,0,1378,984,15,1
1666938191,37158,1379,915,34,0
1666960687,22495,1380,215,25,0
1666979693,0,1380,923,14,1
1666998120,37432,1381,982,37,0
1667021035,22915,1382,188,24,0
1667039882,0,1382,832,20,1
1667058017,36981,1383,1010,25,0
1667080225,22208,1384,184,24,0
1667100120,0,1384,800,15,1
1667117981,37755,1385,1006,22,0
1667140275,22294,1386,192,27,0
1667159978,0,1386,790,15,1
1667177980,37704,1387,161,26,0
1667198157,0,1387,842,68,1
1667217987,40007,1388,982,24,0
1667240164,22176,1389,177,19,0
1667259226,0,1389,812,14,1
1667277991,37827,1390,1062,19,0
1667300242,22250,1391,193,20,0
1667319125,0,1391,804,23,1
1667337984,37742,1392,957,19,0
1667360151,22167,1393,180,21,0
1667379195,0,1393,744,22,1
1667397922,37771,1394,972,18,0
1667420219,22297,1395,174,21,0
1667439122,0,1395,824,20,1
1667457999,37780,1396,150,17,0
1667478182,0,1396,757,14,1
1667497943,39943,1397,980,23,0
1667521464,23521,1398,209,23,0
1667539857,0,1398,1102,17,1
1667558372,36907,1399,177,24,0
1667577967,0,1399,899,15,1
1667598075,39703,1400,1029,39,0
1667620142,22066,1401,164,27,0
1667640029,0,1401,803,14,1
1667657985,37842,1402,971,23,0
1667680788,22802,1403,173,18,0
1667698547,0,1403,775,16,1
1667717950,37162,1404,944,17,0
1667740166,22215,1405,189,20,0
1667760191,0,1405,798,14,1
1667777994,37828,1406,160,30,0
1667800983,22989,1407,823,808,0
1667817156,0,1407,974,23,1
1667841056,40072,1408,173,24,0
1667859086,0,1408,887,18,1
1667878063,37007,1409,984,19,0
1667901206,23142,1410,186,21,0
1667920095,0,1410,933,15,1
1667938110,36904,1411,950,19,0
1667961039,22928,1412,269,43,0
1667979339,0,1412,769,16,1
1667997951,36911,1413,1020,21,0
1668021990,24039,1414,152,22,0
1668040304,0,1414,798,15,1
1668057975,35985,1415,1059,19,0
1668081253,23278,1416,160,21,0
1668099869,0,1416,817,14,1
1668117999,36745,1417,1024,18,0
1668141141,23141,1418,174,26,0
1668159187,0,1418,870,14,1
1668178047,36906,1419,935,28,0
1668199101,21053,1420,1092,23,0
1668221018,21917,1421,173,27,0
1668239120,0,1421,839,16,1
1668258022,37003,1422,911,25,0
1668281043,23021,1423,153,22,0
1668298626,0,1423,784,14,1
1668317961,36917,1424,880,18,0
1668339947,21985,1425,965,21,0
1668361283,21336,1426,928,20,0
1668380752,19468,1427,186,26,0
1668398599,0,1427,827,14,1
1668418012,37260,1428,926,25,0
1668440092,22079,1429,913,25,0
1668459992,19900,1430,867,19,0
1668481212,21220,1431,175,21,0
1668499066,0,1431,1041,15,1
1668518241,37028,1432,982,30,0
1668540771,22529,1433,915,19,0
1668560485,19714,1434,154,17,0
1668578603,0,1434,765,14,1
1668597941,37455,1435,893,18,0
1668619889,21947,1436,940,20,0
1668641042,21153,1437,163,22,0
1668657993,0,1437,780,14,1
1668677958,36915,1438,931,19,0
1668699006,21048,1439,868,27,0
1668720799,21792,1440,910,20,0
1668740586,19786,1441,150,17,0
1668758510,0,1441,822,14,1
1668778026,37440,1442,990,39,0
1668803012,24986,1443,175,27,0
1668819328,0,1443,933,20,1
1668838127,35114,1444,887,26,0
1668860811,22684,1445,913,20,0
1668880124,19312,1446,970,20,0
1668900786,20661,1447,1000,19,0
1668921132,20346,1448,870,21,0
1668939898,18765,1449,905,24,0
1668959174,19275,1450,975,24,0
1668979962,20788,1451,884,22,0
1668999091,19128,1452,890,23,0
1669019964,20872,1453,920,23,0
1669040179,20215,1454,177,21,0
1669059362,0,1454,856,15,1
1669078037,37858,1455,919,23,0
1669101043,23005,1456,925,22,0
1669120633,19590,1457,894,23,0
1669139463,18829,1458,880,19,0
1669159622,20159,1459,878,18,0
1669179457,19834,1460,881,20,0
1669199628,20171,1461,934,20,0
1669219510,19882,1462,205,19,0
1669237696,0,1462,843,14,1
1669258028,38517,1463,1003,22,0
1669278248,20220,1464,951,49,0
1669300747,22498,1465,874,19,0
1669319327,18580,1466,166,19,0
1669337879,0,1466,823,16,1
1669358008,38680,1467,1027,27,0
1669381208,23199,1468,1180,34,0
1669400884,19676,1469,161,25,0
1669420446,0,1469,929,15,1
1669438387,37502,1470,1041,29,0
1669459845,21457,1471,937,21,0
1669480137,20292,1472,1042,18,0
1669498262,18125,1473,1016,26,0
1669520791,22528,1474,910,23,0
1669540168,19377,1475,999,22,0
1669559777,19608,1476,1016,20,0
1669578234,18457,1477,882,23,0
1669600712,22477,1478,963,24,0
1669618195,17483,1479,1053,21,0
1669638269,20073,1480,895,23,0
1669660663,22394,1481,148,20,0
1669677377,0,1481,884,21,1
1669698040,37377,1482,907,22,0
1669719043,21002,1483,1049,21,0
1669740226,21182,1484,1027,23,0
1669760843,20617,1485,1067,22,0
1669780630,19786,1486,926,41,0
1669800326,19696,1487,170,20,0
1669819798,0,1487,822,14,1
1669837999,37673,1488,889,18,0
1669861067,23067,1489,920,22,0
1669879820,18752,1490,891,19,0
1669899022,19201,1491,167,28,0
1669917383,0,1491,906,15,1
1669938092,39070,1492,1012,24,0
1669961563,23470,1493,165,24,0
1669978708,0,1493,897,15,1
1669998063,36499,1494,218,38,0
1670019342,0,1494,1095,17,1
1670038311,40248,1495,1044,39,0
1670060898,22586,1496,167,21,0
1670078422,0,1496,861,15,1
1670098045,37147,1497,1020,33,0
1670121009,22963,1498,168,28,0
1670138302,0,1498,798,14,1
1670157976,36967,1499,985,20,0
1670179219,21242,1500,966,20,0
1670199963,20744,1501,887,22,0
1670221044,21081,1502,952,21,0
1670241021,19977,1503,882,25,0
1670260389,19368,1504,923,24,0
1670280691,20301,1505,936,20,0
1670300406,19714,1506,1014,21,0
1670320766,20360,1507,892,21,0
1670340297,19531,1508,194,22,0
1670357648,0,1508,766,19,1
1670377949,37651,1509,909,22,0
1670401122,23172,1510,164,20,0
1670420149,0,1510,797,14,1
1670437974,36852,1511,938,18,0
1670460143,22169,1512,191,21,0
1670479213,0,1512,791,15,1
1670497965,37822,1513,912,16,0
1670519115,21150,1514,937,20,0
1670540050,20934,1515,979,23,0
1670560114,20064,1516,855,24,0
1670580768,20653,1517,169,19,0
1670599432,0,1517,865,15,1
1670618062,37293,1518,1094,37,0
1670641067,23004,1519,168,26,0
1670660111,0,1519,885,13,1
1670678059,36992,1520,952,34,0
1670701273,23213,1521,184,26,0
1670720044,0,1521,826,17,1
1670738015,36742,1522,1034,24,0
1670761298,23283,1523,177,21,0
1670779982,0,1523,760,14,1
1670797907,36609,1524,926,19,0
1670821243,23336,1525,196,23,0
1670840071,0,1525,779,15,1
1670857960,36717,1526,941,21,0
1670881201,23240,1527,167,23,0
1670897357,0,1527,1071,31,1
1670918256,37055,1528,158,26,0
1670939939,0,1528,853,14,1
1670958053,39796,1529,1035,30,0
1670981826,23773,1530,188,24,0
1670999476,0,1530,788,15,1
1671017986,36159,1531,180,31,0
1671037419,0,1531,811,15,1
1671058010,40024,1532,1087,32,0
1671080252,22241,1533,197,23,0
1671099121,0,1533,883,20,1
1671118040,37787,1534,940,20,0
1671140132,22092,1535,144,23,0
1671157370,0,1535,849,13,1
1671178030,37897,1536,924,19,0
1671200057,22027,1537,182,20,0
1671218294,0,1537,872,15,1
1671238047,37990,1538,944,33,0
1671260200,22153,1539,205,27,0
1671280217,0,1539,871,16,1
1671298053,37852,1540,927,28,0
1671321107,23054,1541,183,23,0
1671340195,0,1541,812,25,1
1671357990,36882,1542,983,19,0
1671381109,23118,1543,186,22,0
1671400136,0,1543,859,18,1
1671418035,36926,1544,1020,21,0
1671441243,23207,1545,152,25,0
1671457303,0,1545,1178,19,1
1671478373,37130,1546,941,24,0
1671500751,22377,1547,192,24,0
1671519610,0,1547,797,21,1
1671537984,37232,1548,935,23,0
1671561132,23148,1549,153,23,0
1671579992,0,1549,840,15,1
1671597977,36845,1550,1054,20,0
1671620267,22289,1551,174,25,0
1671639038,0,1551,858,19,1
1671658038,37771,1552,1095,18,0
1671680296,22258,1553,192,24,0
1671699035,0,1553,767,17,1
1671717942,37646,1554,1010,18,0
1671741105,23162,1555,178,21,0
1671760127,0,1555,760,14,1
1671777941,36836,1556,905,23,0
1671800990,23048,1557,157,22,0
1671818318,0,1557,1018,16,1
1671838220,37230,1558,979,32,0
1671860711,22490,1559,193,22,0
1671879639,0,1559,826,14,1
1671898026,37314,1560,954,37,0
1671920824,22798,1561,172,25,0
1671938561,0,1561,889,18,1
1671958065,37240,1562,996,18,0
1671980938,22873,1563,171,19,0
1672000187,0,1563,854,13,1
1672018035,37096,1564,999,21,0
1672041128,23093,1565,167,24,0
1672060921,19792,1566,804,793,0
1672077148,0,1566,1028,21,1
1672101044,40122,1567,924,24,0
1672120552,19508,1568,1023,26,0
1672140636,20083,1569,901,21,0
1672160434,19797,1570,915,23,0
1672180641,20207,1571,174,21,0
1672198585,0,1571,786,14,1
1672217963,37321,1572,1009,20,0
1672241071,23107,1573,199,23,0
1672259237,0,1573,773,16,1
1672277945,36874,1574,896,17,0
1672300115,22169,1575,199,19,0
1672317679,0,1575,770,15,1
1672337949,37834,1576,894,20,0
1672359115,21165,1577,986,19,0
1672380040,20925,1578,885,21,0
1672400640,20600,1579,883,19,0
1672419428,18787,1580,1016,19,0
1672439615,20187,1581,972,24,0
1672459289,19674,1582,946,18,0
1672479592,20303,1583,916,18,0
1672500252,20659,1584,200,22,0
1672517965,0,1584,899,14,1
1672538051,37799,1585,915,34,0
1672561035,22983,1586,995,20,0
1672578165,17129,1587,902,22,0
1672600777,22612,1588,165,23,0
1672619413,0,1588,857,13,1
1672638037,37260,1589,912,23,0
1672660066,22028,1590,1045,21,0
1672679992,19926,1591,1062,20,0
1672699020,19028,1592,1097,27,0
1672718973,19953,1593,987,21,0
1672740935,21961,1594,909,20,0
1672761192,20257,1595,893,24,0
1672779803,18611,1596,929,22,0
1672800288,20484,1597,958,19,0
1672820832,20544,1598,916,19,0
1672840257,19424,1599,859,20,0
1672860765,20508,1600,892,20,0
1672880299,19533,1601,921,21,0
1672900792,20493,1602,875,19,0
1672920252,19459,1603,878,21,0
1672940788,20536,1604,947,18,0
1672960327,19538,1605,921,19,0
1672980768,20440,1606,863,21,0
1672999310,18541,1607,873,19,0
1673020725,21415,1608,1014,20,0
1673040455,19729,1609,968,20,0
1673060675,20220,1610,1090,20,0
1673080620,19944,1611,967,23,0
1673100509,19889,1612,196,21,0
1673119856,0,1612,771,15,1
1673137973,37463,1613,977,31,0
1673161044,23070,1614,868,21,0
1673179972,18928,1615,941,23,0
1673201625,21652,1616,889,21,0
1673220384,18759,1617,939,23,0
1673240731,20347,1618,901,20,0
1673259366,18634,1619,1133,20,0
1673280039,20672,1620,177,31,0
1673303305,0,1620,796,16,1
1673317920,37881,1621,972,21,0
1673340024,22103,1622,999,37,0
1673360145,20121,1623,912,21,0
1673379928,19782,1624,892,20,0
1673399122,19193,1625,958,22,0
1673420043,20921,1626,1010,23,0
1673440207,20163,1627,1015,21,0
1673460033,19826,1628,954,21,0
1673480139,20106,1629,1047,21,0
1673500120,19980,1630,988,21,0
1673520040,19920,1631,983,21,0
1673540127,20086,1632,938,21,0
1673559979,19851,1633,946,21,0
1673579019,19039,1634,1020,33,0
1673600176,21157,1635,935,18,0
1673619942,19765,1636,879,17,0
1673639095,19153,1637,1023,19,0
1673660876,21780,1638,992,18,0
1673680155,19278,1639,965,20,0
1673698753,18598,1640,1051,22,0
1673720253,21499,1641,156,29,0
1673738848,0,1641,940,15,1
1673758162,37908,1642,1140,35,0
1673781986,23824,1643,146,21,0
1673797337,0,1643,932,15,1
1673818128,36142,1644,968,23,0
1673840011,21882,1645,902,23,0
1673859068,19057,1646,910,23,0
1673880009,20940,1647,1014,25,0
1673899168,19159,1648,903,20,0
1673919942,20774,1649,871,20,0
1673939126,19183,1650,886,18,0
1673959921,20795,1651,928,19,0
1673979199,19277,1652,989,18,0
1674000822,21623,1653,974,20,0
1674020170,19347,1654,922,20,0
1674040916,20746,1655,168,19,0
1674058365,0,1655,1489,16,1
1674078681,37765,1656,940,35,0
1674099469,20787,1657,1023,20,0
1674119717,20247,1658,898,18,0
1674139355,19637,1659,940,20,0
1674160541,21186,1660,975,21,0
1674180459,19918,1661,896,20,0
1674200475,20015,1662,182,23,0
1674217409,0,1662,857,14,1
1674238035,37560,1663,908,20,0
1674261034,22998,1664,199,18,0
1674278294,0,1664,826,20,1
1674298023,36988,1665,939,34,0
1674321181,23158,1666,168,21,0
1674340073,0,1666,991,16,1
1674358181,36999,1667,1082,29,0
1674380940,22759,1668,143,24,0
1674397290,0,1668,964,14,1
1674418148,37208,1669,929,20,0
1674439961,21812,1670,925,24,0
1674461130,21168,1671,155,18,0
1674480893,19763,1672,792,779,0
1674497153,0,1672,1195,22,1
1674521229,40335,1673,176,23,0
1674539828,0,1673,858,21,1
1674558127,36898,1674,195,23,0
1674579040,0,1674,914,18,1
1674598094,39966,1675,1017,20,0
1674620955,22861,1676,175,20,0
1674639115,0,1676,823,22,1
1674658018,37063,1677,918,28,0
1674680943,22925,1678,165,19,0
1674700204,0,1678,757,15,1
1674717938,36994,1679,935,22,0
1674741179,23241,1680,170,24,0
1674758871,0,1680,807,16,1
1674777988,36808,1681,992,22,0
1674800193,22205,1682,190,25,0
1674820179,0,1682,830,14,1
1674838007,37814,1683,985,23,0
1674861219,23211,1684,204,22,0
1674880115,0,1684,817,19,1
1674897996,36777,1685,1127,21,0
1674920872,22875,1686,224,25,0
1674939531,0,1686,825,19,1
1674958032,37160,1687,975,39,0
1674980183,22150,1688,199,22,0
1674999183,0,1688,1031,18,1
1675018222,38038,1689,1125,23,0
1675038375,20153,1690,957,23,0
1675060622,22246,1691,158,20,0
1675079581,0,1691,845,22,1
1675098040,37418,1692,182,30,0
1675118360,0,1692,919,16,1
1675138099,40058,1693,990,22,0
1675161069,22970,1694,165,23,0
1675180189,0,1694,841,14,1
1675198025,36955,1695,959,21,0
1675220160,22134,1696,184,24,0
1675239263,0,1696,784,20,1
1675257966,37806,1697,950,20,0
1675281168,23201,1698,189,23,0
1675298990,0,1698,767,13,1
1675317911,36743,1699,895,21,0
1675340031,22120,1700,177,35,0
1675358302,0,1700,836,14,1
1675378025,37993,1701,978,26,0
1675400126,22101,1702,172,24,0
1675418200,0,1702,932,14,1
1675438110,37983,1703,1076,20,0
1675460137,22026,1704,168,25,0
1675478191,0,1704,805,16,1
1675497984,37847,1705,941,19,0
1675520128,22144,1706,204,23,0
1675539252,0,1706,851,16,1
1675558040,37911,1707,182,28,0
1675578321,0,1707,869,16,1
1675598050,40010,1708,178,22,0
1675617410,0,1708,898,15,1
1675638280,40229,1709,913,34,0
1675659783,21502,1710,170,20,0
1675678554,0,1710,810,18,1
1675697988,38205,1711,899,18,0
1675720081,22093,1712,173,20,0
1675740261,0,1712,809,15,1
1675757994,37912,1713,973,21,0
1675780217,22223,1714,175,24,0
1675800117,0,1714,827,14,1
1675818028,37810,1715,972,43,0
1675841112,23084,1716,162,23,0
1675860218,0,1716,811,14,1
1675877990,36877,1717,1042,20,0
1675901099,23109,1718,156,26,0
1675920307,0,1718,808,14,1
1675938025,36926,1719,896,27,0
1675960908,22882,1720,194,26,0
1675979393,0,1720,822,13,1
1675998014,37105,1721,939,28,0
1676018948,20934,1722,186,19,0
1676037412,0,1722,916,17,1
1676058099,39151,1723,931,21,0
1676079778,21678,1724,924,24,0
1676100180,20401,1725,180,24,0
1676119221,0,1725,784,14,1
1676137966,37786,1726,1084,24,0
1676160305,22338,1727,947,29,0
1676180654,20348,1728,194,24,0
1676198763,0,1728,832,15,1
1676218031,37377,1729,1232,34,0
1676240437,22405,1730,188,24,0
1676258947,0,1730,837,15,1
1676278031,37594,1731,936,19,0
1676300088,22056,1732,866,19,0
1676320939,20851,1733,185,18,0
1676337377,0,1733,907,20,1
1676358092,37152,1734,920,20,0
1676380047,21955,1735,883,18,0
1676399995,19948,1736,890,18,0
1676419063,19067,1737,926,20,0
1676440030,20966,1738,976,22,0
1676459118,19087,1739,900,21,0
1676480948,21830,1740,938,19,0
1676500852,19904,1741,974,27,0
1676520279,19426,1742,919,18,0
1676540804,20524,1743,883,21,0
1676560241,19437,1744,893,21,0
1676580817,20575,1745,919,22,0
1676600291,19474,1746,889,19,0
1676619810,19519,1747,862,18,0
1676639197,19386,1748,882,22,0
1676659892,20694,1749,987,20,0
1676679314,19421,1750,926,24,0
1676699829,20515,1751,887,20,0
1676719277,19447,1752,884,23,0
1676739813,20536,1753,938,20,0
1676759340,19527,1754,183,22,0
1676777408,0,1754,896,14,1
1676798105,38764,1755,185,37,0
1676820037,0,1755,877,38,1
1676838037,39931,1756,904,25,0
1676858902,20864,1757,176,20,0
1676879224,0,1757,853,15,1
1676898033,39131,1758,951,19,0
1676921535,23501,1759,889,21,0
1676940472,18937,1760,156,23,0
1676957719,0,1760,818,19,1
1676978004,37532,1761,957,23,0
1677000161,22156,1762,174,20,0
1677019825,0,1762,823,15,1
1677038007,37846,1763,934,26,0
1677059953,21945,1764,1177,20,0
1677078414,18460,1765,893,25,0
1677100419,22005,1766,1068,21,0
1677120822,20402,1767,182,22,0
1677138520,0,1767,772,15,1
1677157952,37130,1768,905,21,0
1677180117,22164,1769,919,23,0
1677199963,19846,1770,922,21,0
1677220121,20158,1771,904,23,0
1677239931,19809,1772,874,19,0
1677259968,20036,1773,922,19,0
1677281127,21159,1774,919,21,0
1677299901,18773,1775,923,24,0
1677320242,20341,1776,902,21,0
1677339818,19576,1777,912,21,0
1677359253,19434,1778,1026,21,0
1677379943,20690,1779,921,25,0
1677401018,21074,1780,924,29,0
1677419035,18016,1781,1073,26,0
1677440214,21179,1782,981,22,0
1677459942,19728,1783,955,21,0
1677479177,19234,1784,1151,21,0
1677500172,20995,1785,173,38,0
1677520049,0,1785,987,16,1
1677538168,37995,1786,1004,21,0
1677560024,21856,1787,1014,30,0
1677580209,20184,1788,967,18,0
1677599931,19722,1789,908,20,0
1677619138,19206,1790,942,18,0
1677639967,20829,1791,903,18,0
1677659095,19127,1792,989,18,0
1677680040,20944,1793,976,21,0
1677700707,20666,1794,886,22,0
1677719375,18668,1795,926,20,0
1677739719,20343,1796,966,21,0
1677760692,20972,1797,907,21,0
1677779380,18687,1798,950,21,0
1677799772,20392,1799,948,21,0
1677819344,19572,1800,931,21,0
1677839790,20445,1801,919,22,0
1677859345,19555,1802,1034,26,0
1677880854,21508,1803,923,20,0
1677899240,18386,1804,1054,17,0
1677919784,20543,1805,888,19,0
1677940271,20486,1806,923,21,0
1677960811,20540,1807,876,17,0
1677980236,19425,1808,959,18,0
1678000672,20435,1809,968,20,0
1678021463,20790,1810,922,19,0
1678040571,19108,1811,928,23,0
1678060516,19944,1812,917,19,0
1678080568,20051,1813,172,22,0
1678098762,0,1813,790,14,1
1678117972,37404,1814,997,22,0
1678141194,23221,1815,168,22,0
1678160092,0,1815,830,18,1
1678178022,36828,1816,1009,24,0
1678201470,23447,1817,168,21,0
1678218852,0,1817,814,14,1
1678238024,36554,1818,885,41,0
1678261801,23776,1819,150,20,0
1678279223,0,1819,763,14,1
1678297946,36145,1820,1027,19,0
1678321108,23161,1821,150,19,0
1678339356,0,1821,779,16,1
1678357958,36850,1822,910,22,0
1678380978,23019,1823,967,20,0
1678400881,19903,1824,184,20,0
1678418278,0,1824,761,19,1
1678437940,37058,1825,849,19,0
1678460847,22907,1826,182,20,0
1678479368,0,1826,780,16,1
1678497963,37115,1827,178,22,0
1678517427,0,1827,782,14,1
1678537968,40005,1828,986,22,0
1678563177,25208,1829,164,21,0
1678580057,0,1829,816,14,1
1678597997,34819,1830,185,19,0
1678617362,0,1830,873,13,1
1678638063,40065,1831,1012,33,0
1678661135,23072,1832,152,24,0
1678677299,0,1832,893,15,1
1678698125,36990,1833,980,25,0
1678720090,21965,1834,176,23,0
1678739116,0,1834,849,14,1
1678758036,37945,1835,171,23,0
1678777383,0,1835,804,13,1
1678797985,39949,1836,941,21,0
1678820144,22158,1837,181,23,0
1678839256,0,1837,831,14,1
1678858034,37890,1838,177,35,0
1678879979,0,1838,852,14,1
1678898035,40001,1839,925,21,0
1678920063,22028,1840,372,25,0
1678938479,0,1840,931,15,1
1678958124,38060,1841,918,27,0
1678979876,21751,1842,207,25,0
1678999501,0,1842,825,13,1
1679018065,38188,1843,232,81,0
1679038270,0,1843,804,13,1
1679057987,39922,1844,1034,22,0
1679080222,22235,1845,203,26,0
1679099134,0,1845,756,20,1
1679117938,37715,1846,946,20,0
1679140249,22310,1847,176,24,0
1679160090,0,1847,766,15,1
1679177955,37706,1848,154,27,0
1679198226,0,1848,903,14,1
1679218095,40139,1849,1054,28,0
1679240191,22096,1850,165,25,0
1679260012,0,1850,897,21,1
1679278066,37875,1851,1117,30,0
1679301093,23026,1852,128,23,0
1679317448,0,1852,823,15,1
1679338020,36927,1853,1001,27,0
1679361997,23977,1854,147,20,0
1679380128,0,1854,772,16,1
1679397951,35953,1855,159,20,0
1679418145,0,1855,795,14,1
1679437971,40020,1856,955,18,0
1679461789,23817,1857,163,19,0
1679479482,0,1857,839,14,1
1679498019,36229,1858,966,21,0
1679520184,22165,1859,189,20,0
1679539245,0,1859,774,17,1
1679557967,37783,1860,918,28,0
1679581120,23152,1861,193,25,0
1679599190,0,1861,805,20,1
1679617987,36867,1862,903,21,0
1679640083,22096,1863,175,23,0
1679658250,0,1863,826,14,1
1679678010,37927,1864,1008,25,0
1679700180,22169,1865,189,26,0
1679719171,0,1865,881,14,1
1679738060,37880,1866,1032,21,0
1679760167,22107,1867,207,25,0
1679779218,0,1867,778,15,1
1679797958,37790,1868,932,22,0
1679819146,21188,1869,1172,24,0
1679840216,21070,1870,220,30,0
1679859171,0,1870,1003,19,1
1679878205,37988,1871,1153,34,0
1679901134,22929,1872,223,28,0
1679920199,0,1872,902,19,1
1679938085,36951,1873,885,22,0
1679961187,23101,1874,175,21,0
1679980095,0,1874,798,13,1
1679997974,36787,1875,185,18,0
1680017388,0,1875,831,14,1
1680038025,40050,1876,1027,34,0
1680061182,23157,1877,141,24,0
1680077290,0,1877,829,16,1
1680098011,36828,1878,963,24,0
1680119145,21134,1879,1043,23,0
1680140075,20929,1880,168,20,0
1680160117,0,1880,896,14,1
1680178040,37964,1881,163,21,0
1680199284,0,1881,797,15,1
1680217999,39959,1882,974,28,0
1680241144,23144,1883,200,24,0
1680260172,0,1883,829,15,1
1680278020,36876,1884,1022,29,0
1680298281,20260,1885,1082,58,0
1680320707,22426,1886,151,19,0
1680338388,0,1886,837,15,1
1680358021,37313,1887,1009,25,0
1680379238,21217,1888,947,21,0
1680399927,20688,1889,877,18,0
1680419115,19187,1890,910,19,0
1680439964,20848,1891,1220,24,0
1680459481,19517,1892,1101,25,0
1680480791,21309,1893,176,24,0
1680498551,0,1893,859,15,1
1680518057,37265,1894,191,29,0
1680539310,0,1894,855,14,1
1680558037,39980,1895,934,23,0
1680579508,21471,1896,888,18,0
1680599541,20032,1897,920,18,0
1680620408,20866,1898,876,19,0
1680640627,20219,1899,899,21,0
1680660429,19802,1900,973,19,0
1680680704,20274,1901,175,17,0
1680698400,0,1901,833,15,1
1680718015,37311,1902,1206,24,0
1680744230,26215,1903,156,30,0
1680757881,0,1903,848,14,1
1680778031,33801,1904,895,22,0
1680800044,22013,1905,891,23,0
1680820046,20001,1906,920,22,0
1680841043,20996,1907,156,21,0
1680858061,0,1907,820,14,1
1680877998,36955,1908,890,18,0
1680900927,22928,1909,908,18,0
1680920961,20033,1910,895,23,0
1680940908,19947,1911,996,25,0
1680960964,20055,1912,941,21,0
1680980135,19170,1913,153,20,0
1680998970,0,1913,849,19,1
1681018020,37885,1914,170,32,0
1681037375,0,1914,824,15,1
1681058006,39985,1915,1054,22,0
1681080215,22209,1916,926,27,0
1681099872,19656,1917,1215,19,0
1681120518,20646,1918,980,27,0
1681140629,20110,1919,974,25,0
1681160515,19886,1920,138,24,0
1681177596,0,1920,774,14,1
1681197959,37443,1921,1071,20,0
1681220040,22081,1922,928,20,0
1681241043,21002,1923,983,21,0
1681260936,19892,1924,935,22,0
1681279146,18209,1925,923,22,0
1681300747,21600,1926,881,25,0
1681319334,18587,1927,907,23,0
1681339788,20454,1928,1008,22,0
1681360159,20370,1929,1013,22,0
1681380798,20638,1930,898,19,0
1681400147,19349,1931,1004,21,0
1681421031,20884,1932,982,24,0
1681441058,20027,1933,957,24,0
1681461101,20042,1934,954,23,0
1681481359,20257,1935,1000,28,0
1681500784,19425,1936,973,22,0
1681519364,18579,1937,973,19,0
1681540654,21290,1938,980,24,0
1681560500,19846,1939,1004,22,0
1681579897,19396,1940,1074,24,0
1681599354,19456,1941,885,20,0
1681620563,21209,1942,159,20,0
1681639553,0,1942,790,19,1
1681657966,37402,1943,943,17,0
1681680192,22226,1944,1218,25,0
1681701050,20857,1945,1072,23,0
1681721145,20095,1946,953,25,0
1681739953,18807,1947,188,24,0
1681759456,0,1947,859,17,1
1681778045,38092,1948,152,31,0
1681801038,0,1948,783,14,1
1681817907,39862,1949,951,20,0
1681841203,23296,1950,162,20,0
1681859072,0,1950,837,18,1
1681878021,36817,1951,176,23,0
1681897404,0,1951,909,18,1
1681918105,40083,1952,1079,28,0
1681941154,23049,1953,146,32,0
1681960061,0,1953,772,14,1
1681977954,36799,1954,1074,22,0
1682000107,22153,1955,876,23,0
1682018977,18869,1956,1016,23,0
1682041574,22597,1957,172,20,0
1682059707,0,1957,1027,15,1
1682078221,36646,1958,1041,29,0
1682100854,22632,1959,1001,24,0
1682121041,20187,1960,872,20,0
1682140907,19865,1961,873,23,0
1682160940,20033,1962,941,25,0
1682181125,20184,1963,882,25,0
1682200639,19514,1964,937,23,0
1682220454,19815,1965,184,21,0
1682238941,0,1965,801,14,1
1682257981,37526,1966,902,20,0
1682279946,21964,1967,940,20,0
1682301122,21175,1968,163,21,0
1682319192,0,1968,815,15,1
1682338010,36888,1969,1003,35,0
1682360163,22153,1970,201,23,0
1682379292,0,1970,852,15,1
1682398039,37875,1971,896,26,0
1682420796,22756,1972,190,21,0
1682439570,0,1972,859,14,1
1682458036,37240,1973,924,20,0
1682481167,23131,1974,179,20,0
1682497961,0,1974,767,15,1
1682517948,36780,1975,948,21,0
1682539947,21999,1976,169,20,0
1682559255,0,1976,818,14,1
1682578007,38059,1977,952,28,0
1682600110,22103,1978,215,22,0
1682619285,0,1978,806,15,1
1682637990,37880,1979,970,22,0
1682660155,22164,1980,199,23,0
1682679201,0,1980,815,14,1
1682697994,37838,1981,1003,21,0
1682719852,21857,1982,177,23,0
1682739494,0,1982,835,13,1
1682758020,38167,1983,1020,26,0
1682780186,22165,1984,219,24,0
1682799208,0,1984,780,15,1
1682817962,37776,1985,942,21,0
1682841037,23075,1986,192,26,0
1682859274,0,1986,780,19,1
1682877963,36925,1987,961,22,0
1682900173,22210,1988,186,22,0
1682919175,0,1988,872,14,1
1682938073,37899,1989,904,35,0
1682964054,25981,1990,208,80,0
1682980054,0,1990,838,12,1
1682998039,33984,1991,996,22,0
1683021435,23396,1992,188,20,0
1683039893,0,1992,877,20,1
1683058044,36609,1993,978,25,0
1683081374,23329,1994,149,19,0
1683097745,0,1994,828,14,1
1683117964,36590,1995,941,20,0
1683141151,23186,1996,185,19,0
1683159202,0,1996,779,15,1
1683177957,36806,1997,174,19,0
1683198433,0,1997,892,14,1
1683218069,40112,1998,1157,20,0
1683240315,22245,1999,199,24,0
1683262031,0,1999,773,14,1
1683277899,37584,2000,986,21,0
1683299322,21422,2001,951,23,0
1683320760,21438,2002,188,24,0
1683338598,0,2002,881,15,1
1683358042,37282,2003,227,22,0
1683378361,0,2003,877,15,1
1683398070,40027,2004,903,29,0
1683420013,21943,2005,222,28,0
1683439378,0,2005,841,15,1
1683458030,38017,2006,976,21,0
1683480197,22166,2007,202,22,0
1683500176,0,2007,815,15,1
1683517998,37801,2008,1137,21,0
1683542155,24157,2009,147,30,0
1683559953,0,2009,886,14,1
1683578099,35943,2010,982,20,0
1683599927,21828,2011,156,25,0
1683620382,0,2011,855,15,1
1683638037,38110,2012,920,21,0
1683661727,23689,2013,154,23,0
1683679398,0,2013,763,14,1
1683697949,36222,2014,916,24,0
1683720201,22251,2015,166,25,0
1683740026,0,2015,826,28,1
1683757973,37772,2016,948,25,0
1683781157,23184,2017,174,23,0
1683799981,0,2017,809,14,1
1683817991,36833,2018,943,19,0
1683841596,23605,2019,191,19,0
1683860083,0,2019,1133,18,1
1683878352,36755,2020,171,28,0
1683899778,0,2020,801,20,1
1683917980,39628,2021,958,19,0
1683940151,22171,2022,163,22,0
1683959248,0,2022,825,14,1
1683978013,37861,2023,1022,31,0
1684000181,22168,2024,907,23,0
1684020749,20567,2025,168,22,0
1684039634,0,2025,822,15,1
1684058006,37257,2026,178,23,0
1684077401,0,2026,824,18,1
1684098027,40020,2027,880,35,0
1684120785,22758,2028,1012,19,0
1684141157,20371,2029,167,19,0
1684159175,0,2029,755,16,1
1684177946,36788,2030,901,29,0
1684200979,23033,2031,153,19,0
1684219316,0,2031,812,15,1
1684238025,37045,2032,199,40,0
1684259414,0,2032,863,17,1
1684278041,40016,2033,1027,26,0
1684300029,21987,2034,889,35,0
1684321030,21000,2035,1058,24,0
1684338217,17187,2036,1040,23,0
1684361010,22792,2037,903,32,0
1684380997,19986,2038,177,24,0
1684399284,0,2038,877,15,1
1684418056,37059,2039,925,21,0
1684440100,22044,2040,949,27,0
1684460071,19971,2041,895,24,0
1684480045,19973,2042,909,24,0
1684499040,18995,2043,902,25,0
1684520868,21827,2044,946,19,0
1684540241,19373,2045,920,18,0
1684560842,20601,2046,169,19,0
1684578491,0,2046,773,15,1
1684597948,37105,2047,937,20,0
1684619161,21213,2048,903,24,0
1684639909,20748,2049,919,21,0
1684661542,21633,2050,161,20,0
1684678775,0,2050,777,15,1
1684697955,36412,2051,898,21,0
1684721108,23153,2052,1017,21,0
1684741025,19916,2053,167,29,0
1684758249,0,2053,802,14,1
1684777997,36972,2054,882,27,0
1684801053,23056,2055,978,20,0
1684820887,19833,2056,918,24,0
1684840139,19251,2057,892,23,0
1684859957,19818,2058,901,20,0
1684880117,20159,2059,883,21,0
1684899982,19865,2060,949,21,0
1684920178,20195,2061,883,21,0
1684939876,19698,2062,879,20,0
1684960168,20291,2063,1011,20,0
1684981011,20843,2064,162,24,0
1684999256,0,2064,833,14,1
1685018014,37003,2065,894,25,0
1685040059,22044,2066,939,21,0
1685061039,20980,2067,140,22,0
1685080197,0,2067,823,14,1
1685098006,36967,2068,919,24,0
1685121689,23682,2069,902,21,0
1685140191,18502,2070,941,19,0
1685160920,20728,2071,956,21,0
1685181588,20668,2072,1050,20,0
1685200592,19004,2073,980,24,0
1685219549,18956,2074,938,20,0
1685239559,20010,2075,897,22,0
1685259541,19981,2076,959,21,0
1685279625,20084,2077,894,24,0
1685300296,20670,2078,938,19,0
1685320813,20517,2079,903,21,0
1685339253,18439,2080,1140,20,0
1685361078,21825,2081,208,37,0
1685378139,0,2081,1097,20,1
1685398307,37229,2082,882,39,0
1685418766,20458,2083,157,18,0
1685438360,0,2083,996,16,1
1685458187,39421,2084,949,26,0
1685480808,22620,2085,142,19,0
1685497360,0,2085,849,20,1
1685518037,37229,2086,1091,22,0
1685540234,22196,2087,922,24,0
1685560851,20616,2088,944,18,0
1685581377,20525,2089,949,20,0
1685600682,19305,2090,963,23,0
1685620460,19778,2091,967,20,0
1685641670,21209,2092,979,19,0
1685659312,17642,2093,1009,26,0
1685678657,19345,2094,995,25,0
1685698620,19962,2095,892,19,0
1685719436,20816,2096,1021,20,0
1685740761,21324,2097,945,22,0
1685760356,19594,2098,911,22,0
1685780731,20375,2099,958,21,0
1685800398,19666,2100,931,23,0
1685820704,20306,2101,904,21,0
1685840368,19663,2102,876,18,0
1685859671,19302,2103,894,17,0
1685879383,19712,2104,958,18,0
1685899739,20355,2105,947,17,0
1685919371,19632,2106,947,19,0
1685939739,20367,2107,936,19,0
1685959361,19622,2108,984,20,0
1685979812,20450,2109,903,20,0
1685999309,19497,2110,1020,19,0
1686019891,20581,2111,1115,22,0
1686041394,21502,2112,969,26,0
1686060684,19290,2113,929,24,0
1686080401,19717,2114,869,21,0
1686100627,20225,2115,1033,19,0
1686118276,17649,2116,883,26,0
1686141552,23276,2117,172,23,0
1686158591,0,2117,809,15,1
1686177994,36442,2118,1005,23,0
1686202038,24043,2119,150,22,0
1686220219,0,2119,825,14,1
1686238013,35974,2120,1038,27,0
1686260203,22190,2121,918,27,0
1686279889,19685,2122,1117,23,0
1686299404,19514,2123,923,22,0
1686320569,21165,2124,185,22,0
1686338783,0,2124,806,15,1
1686357987,37417,2125,948,22,0
1686379175,21187,2126,924,23,0
1686399974,20799,2127,987,25,0
1686421047,21072,2128,189,23,0
1686439255,0,2128,934,14,1
1686458114,37066,2129,928,21,0
1686480975,22860,2130,153,20,0
1686501276,20300,2131,829,819,0
1686517150,0,2131,912,22,1
1686539937,38660,2132,166,23,0
1686558383,0,2132,862,14,1
1686578046,38109,2133,1026,25,0
1686601157,23110,2134,193,25,0
1686620154,0,2134,1033,19,1
1686638239,37082,2135,139,35,0
1686657357,0,2135,1013,14,1
1686678202,39962,2136,960,22,0
1686699932,21729,2137,205,25,0
1686719285,0,2137,786,16,1
1686737965,38033,2138,897,20,0
1686760973,23007,2139,153,19,0
1686777283,0,2139,791,15,1
1686797974,37000,2140,957,20,0
1686820926,22952,2141,179,22,0
1686838208,0,2141,801,15,1
1686857976,37050,2142,950,17,0
1686881030,23053,2143,158,22,0
1686898062,0,2143,821,14,1
1686918006,36976,2144,964,25,0
1686941021,23014,2145,190,39,0
1686960131,0,2145,856,13,1
1686978033,37012,2146,946,18,0
1687000090,22056,2147,205,18,0
1687019274,0,2147,754,16,1
1687037933,37843,2148,955,20,0
1687060229,22296,2149,175,20,0
1687079117,0,2149,823,19,1
1687098011,37781,2150,955,28,0
1687120957,22945,2151,173,24,0
1687140417,0,2151,833,15,1
1687158022,37065,2152,971,28,0
1687180949,22927,2153,168,22,0
1687200330,0,2153,806,16,1
1687217986,37036,2154,1138,20,0
1687240322,22336,2155,176,24,0
1687260020,0,2155,1016,15,1
1687278204,37881,2156,183,26,0
1687300155,0,2156,818,15,1
1687317978,39774,2157,164,34,0
1687339378,0,2157,811,14,1
1687358004,40025,2158,164,23,0
1687380321,0,2158,829,14,1
1687398011,40007,2159,142,23,0
1687417354,0,2159,900,15,1
1687438105,40093,2160,919,21,0
1687461805,23700,2161,153,19,0
1687479459,0,2161,805,14,1
1687497992,36186,2162,943,21,0
1687521134,23141,2163,161,27,0
1687539179,0,2163,741,14,1
1687557926,36791,2164,151,24,0
1687577420,0,2164,801,15,1
1687598037,40111,2165,189,54,0
1687620087,0,2165,844,18,1
1687638051,40013,2166,961,32,0
1687661068,23016,2167,165,19,0
1687680658,0,2167,797,14,1
1687697977,36908,2168,960,20,0
1687721626,23649,2169,285,19,0
1687739777,0,2169,815,18,1
1687758003,36377,2170,1009,26,0
1687779189,21185,2171,925,27,0
1687799915,20726,2172,949,22,0
1687821055,21140,2173,171,23,0
1687839219,0,2173,883,15,1
1687858068,37013,2174,211,37,0
1687879325,0,2174,812,15,1
1687898022,39953,2175,182,36,0
1687920323,0,2175,772,16,1
1687937973,39951,2176,999,32,0
1687961202,23229,2177,172,24,0
1687980072,0,2177,806,15,1
1687997986,36783,2178,950,22,0
1688021909,23922,2179,158,19,0
1688040959,0,2179,836,15,1
1688057963,36053,2180,904,22,0
1688081705,23742,2181,172,22,0
1688099575,0,2181,848,16,1
1688118030,36324,2182,888,21,0
1688141896,23865,2183,174,21,0
1688159395,0,2183,773,19,1
1688177955,36059,2184,929,22,0
1688199220,21264,2185,1127,23,0
1688220062,20841,2186,161,29,0
1688238313,0,2186,775,15,1
1688257951,37888,2187,889,18,0
1688280100,22149,2188,904,18,0
1688299861,19760,2189,883,18,0
1688320866,21005,2190,171,18,0
1688338466,0,2190,846,14,1
1688358034,37167,2191,923,25,0
1688379061,21027,2192,934,23,0
1688399043,19982,2193,909,20,0
1688419040,19996,2194,896,21,0
1688440025,20985,2195,1105,28,0
1688459260,19234,2196,907,29,0
1688480666,21406,2197,1048,19,0
1688502082,21415,2198,158,37,0
1688517313,0,2198,906,14,1
1688538125,36043,2199,977,32,0
1688561889,23764,2200,158,20,0
1688578407,0,2200,809,18,1
1688597987,36097,2201,989,18,0
1688620665,22677,2202,906,25,0
1688639406,18741,2203,874,24,0
1688659637,20231,2204,975,22,0
1688679502,19865,2205,929,21,0
1688700603,21100,2206,898,26,0
1688719498,18895,2207,885,17,0
1688740419,20920,2208,972,18,0
1688760574,20155,2209,926,18,0
1688780520,19945,2210,896,22,0
1688799543,19023,2211,977,22,0
1688822594,23051,2212,173,20,0
1688838692,0,2212,764,16,1
1688857947,35352,2213,964,20,0
1688879194,21246,2214,895,23,0
1688899869,20675,2215,1057,22,0
1688918684,18815,2216,910,23,0
1688940174,21489,2217,971,22,0
1688960835,20660,2218,1075,20,0
1688980288,19453,2219,1093,19,0
1688999762,19473,2220,907,20,0
1689019306,19544,2221,892,18,0
1689040761,21454,2222,927,23,0
1689059329,18567,2223,1061,21,0
1689079898,20569,2224,913,23,0
1689100035,20137,2225,944,21,0
1689120124,20088,2226,1045,21,0
1689140041,19916,2227,932,22,0
1689160044,20003,2228,941,21,0
1689180044,20000,2229,179,23,0
1689201298,0,2229,788,14,1
1689217912,37867,2230,927,20,0
1689242052,24139,2231,991,23,0
1689260053,18001,2232,961,24,0
1689280045,19991,2233,1005,22,0
1689300130,20085,2234,959,21,0
1689319994,19863,2235,922,22,0
1689340102,20107,2236,977,21,0
1689360039,19937,2237,937,22,0
1689380040,20001,2238,962,21,0
1689400100,20059,2239,977,22,0
1689420042,19942,2240,1064,21,0
1689440199,20157,2241,1029,21,0
1689460018,19818,2242,906,24,0
1689480039,20020,2243,932,21,0
1689501038,20999,2244,983,18,0
1689521865,20826,2245,156,22,0
1689538422,0,2245,865,14,1
1689558040,36175,2246,952,24,0
1689581073,23032,2247,911,21,0
1689599993,18919,2248,902,23,0
1689620132,20139,2249,889,20,0
1689639922,19789,2250,924,20,0
1689660163,20241,2251,966,21,0
1689680974,20810,2252,169,21,0
1689698343,0,2252,1217,15,1
1689718427,37452,2253,1043,36,0
1689739825,21397,2254,182,26,0
1689758557,0,2254,863,16,1
1689778041,38216,2255,917,27,0
1689800919,22877,2256,955,20,0
1689819023,18104,2257,909,32,0
1689840850,21826,2258,910,19,0
1689859218,18367,2259,894,17,0
1689879833,20615,2260,889,18,0
1689899254,19421,2261,931,18,0
1689919891,20636,2262,931,17,0
1689939071,19180,2263,917,23,0
1689960868,21797,2264,934,21,0
1689981097,20228,2265,895,20,0
1690000911,19813,2266,167,23,0
1690018359,0,2266,779,14,1
1690037959,37048,2267,976,19,0
1690061187,23228,2268,867,22,0
1690079850,18662,2269,885,22,0
1690099210,19359,2270,887,23,0
1690119869,20659,2271,200,21,0
1690137433,0,2271,814,17,1
1690157993,38123,2272,153,20,0
1690179099,0,2272,822,14,1
1690198025,40032,2273,175,42,0
1690220095,0,2273,807,15,1
1690237993,39967,2274,888,25,0
1690261740,23747,2275,198,22,0
1690279337,0,2275,770,18,1
1690297948,36208,2276,920,18,0
1690321026,23078,2277,150,42,0
1690340068,0,2277,1012,15,1
1690358219,37192,2278,219,33,0
1690377931,0,2278,1032,18,1
1690398198,39979,2279,945,35,0
1690420772,22573,2280,168,19,0
1690439563,0,2280,872,15,1
1690458048,37276,2281,895,18,0
1690481944,23895,2282,157,19,0
1690500852,0,2282,883,13,1
1690518038,36094,2283,897,22,0
1690541707,23668,2284,154,24,0
1690558596,0,2284,822,15,1
1690577998,36290,2285,158,19,0
1690600118,0,2285,810,15,1
1690617991,39992,2286,158,22,0
1690640334,0,2286,794,16,1
1690657984,39993,2287,169,31,0
1690681134,0,2287,815,15,1
1690697936,39952,2288,171,19,0
1690719160,0,2288,836,16,1
1690738042,40105,2289,935,32,0
1690760130,22088,2290,194,23,0
1690779288,0,2290,812,14,1
1690797997,37866,2291,176,21,0
1690820365,0,2291,811,14,1
1690837994,39997,2292,1017,22,0
1690861205,23211,2293,177,23,0
1690879946,0,2293,809,15,1
1690898020,36815,2294,987,49,0
1690919010,20989,2295,1007,32,0
1690941027,22016,2296,188,33,0
1690958829,0,2296,801,19,1
1690978008,36980,2297,228,38,0
1690998130,0,2297,779,16,1
1691017961,39953,2298,938,24,0
1691041028,23067,2299,165,29,0
1691059079,0,2299,786,20,1
1691077970,36941,2300,917,20,0
1691100990,23020,2301,190,22,0
1691119166,0,2301,786,15,1
1691137968,36977,2302,963,20,0
1691162168,24199,2303,175,26,0
1691180062,0,2303,814,15,1
1691197993,35824,2304,928,19,0
1691219895,21902,2305,189,23,0
1691238501,0,2305,832,19,1
1691258018,38122,2306,970,26,0
1691280127,22109,2307,178,24,0
1691298208,0,2307,771,15,1
1691317950,37822,2308,956,19,0
1691340189,22239,2309,223,26,0
1691359198,0,2309,789,16,1
1691377968,37778,2310,1063,20,0
1691398757,20789,2311,160,24,0
1691419338,0,2311,1113,13,1
1691438294,39536,2312,1168,21,0
1691461080,22786,2313,1012,46,0
