frameIdx,tsStart,layoutEvents,paintEvents,rasterEvents,rasterMs,styleEvents
0,24543607172,12,18,6,0.370,7
1,24543645831,6,9,1,0.000,9
2,24543665998,6,9,1,0.000,9
3,24543681885,6,9,1,0.000,9
4,24543704196,6,9,1,0.000,9
5,24543721452,6,9,1,0.000,9
6,24543742591,6,9,1,0.000,9
7,24543763137,6,9,1,0.000,9
8,24543781503,6,9,1,0.000,9
9,24543801119,6,9,1,0.000,9
10,24543821788,6,9,1,0.000,9
11,24543841811,6,9,1,0.000,9
12,24543866054,6,9,1,0.000,9
13,24543884278,6,9,1,0.000,9
14,24543906780,6,9,1,0.000,9
15,24543920760,6,9,1,0.000,9
16,24543943179,6,9,1,0.000,9
17,24543960962,6,9,1,0.000,9
18,24543982254,6,9,1,0.000,9
19,24544006080,6,9,1,0.000,9
20,24544021336,6,9,1,0.000,9
21,24544042986,6,9,1,0.000,9
22,24544062238,6,9,1,0.000,9
23,24544081509,6,9,1,0.000,9
24,24544102469,6,9,1,0.000,9
25,24544121993,6,9,1,0.000,9
26,24544145127,6,9,1,0.000,9
27,24544161632,6,9,1,0.000,9
28,24544182520,6,9,1,0.000,9
29,24544201348,6,9,1,0.000,9
30,24544222082,6,9,1,0.000,9
31,24544241446,6,9,1,0.000,9
32,24544262720,6,9,1,0.000,9
33,24544282193,6,9,1,0.000,9
34,24544303580,6,9,1,0.000,9
35,24544322340,6,9,1,0.000,9
36,24544341762,6,9,1,0.000,9
37,24544362660,6,9,1,0.000,9
38,24544381367,6,9,1,0.000,9
39,24544403600,6,9,1,0.000,9
40,24544421636,6,9,1,0.000,9
41,24544442652,6,9,1,0.000,9
42,24544461506,6,9,1,0.000,9
43,24544482072,6,9,1,0.000,9
44,24544501372,6,9,1,0.000,9
45,24544521210,6,9,1,0.000,9
46,24544541299,6,9,1,0.000,9
47,24544562746,6,9,1,0.000,9
48,24544581142,6,9,1,0.000,9
49,24544601441,6,9,1,0.000,9
50,24544621333,6,9,1,0.000,9
51,24544641569,6,9,1,0.000,9
52,24544664077,6,9,1,0.000,9
53,24544681343,6,9,1,0.000,9
54,24544701879,6,9,1,0.000,9
55,24544722483,6,9,1,0.000,9
56,24544743010,6,9,1,0.000,9
57,24544762517,6,9,1,0.000,9
58,24544781677,6,9,1,0.000,9
59,24544801650,6,9,1,0.000,9
60,24544821182,6,9,1,0.000,9
61,24544841779,6,9,1,0.000,9
62,24544861403,6,9,1,0.000,9
63,24544881784,6,9,1,0.000,9
64,24544901870,6,9,1,0.000,9
65,24544923936,6,9,1,0.000,9
66,24544943155,6,9,1,0.000,9
67,24544963016,6,9,1,0.000,9
68,24544984591,6,9,1,0.000,9
69,24545001581,6,9,1,0.000,9
70,24545021379,6,9,1,0.000,9
71,24545041722,6,9,1,0.000,9
72,24545061875,6,9,1,0.000,9
73,24545081172,6,9,1,0.000,9
74,24545101611,6,9,1,0.000,9
75,24545121849,6,9,1,0.000,9
76,24545144733,6,9,1,0.000,9
77,24545161346,6,9,1,0.000,9
78,24545182215,6,9,1,0.000,9
79,24545201688,6,9,1,0.000,9
80,24545224135,6,9,1,0.000,9
81,24545241150,6,9,1,0.000,9
82,24545262425,6,9,1,0.000,9
83,24545281680,6,9,1,0.000,9
84,24545301518,6,9,1,0.000,9
85,24545322801,6,9,1,0.000,9
86,24545343586,6,9,1,0.000,9
87,24545361214,6,9,1,0.000,9
88,24545381177,6,9,1,0.000,9
89,24545401326,6,9,1,0.000,9
90,24545422167,6,9,1,0.000,9
91,24545444218,6,9,1,0.000,9
92,24545462156,6,9,1,0.000,9
93,24545481983,6,9,1,0.000,9
94,24545501875,6,9,1,0.000,9
95,24545522664,6,9,1,0.000,9
96,24545542158,6,9,1,0.000,9
97,24545561594,6,9,1,0.000,9
98,24545582582,6,9,1,0.000,9
99,24545602276,6,9,1,0.000,9
100,24545622013,6,9,1,0.000,9
101,24545641457,6,9,1,0.000,9
102,24545661996,6,9,1,0.000,9
103,24545681685,6,9,1,0.000,9
104,24545701844,6,9,1,0.000,9
105,24545724304,6,9,1,0.000,9
106,24545742339,6,9,1,0.000,9
107,24545766978,6,9,1,0.000,9
108,24545781621,6,9,1,0.000,9
109,24545801920,6,9,1,0.000,9
110,24545822115,6,9,1,0.000,9
111,24545842149,6,9,1,0.000,9
112,24545862620,6,9,1,0.000,9
113,24545881171,6,9,1,0.000,9
114,24545901783,6,9,1,0.000,9
115,24545921975,6,9,1,0.000,9
116,24545944744,6,9,1,0.000,9
117,24545961851,6,9,1,0.000,9
118,24545981574,6,9,1,0.000,9
119,24546002662,6,9,1,0.000,9
120,24546021995,6,9,1,0.000,9
121,24546042350,6,9,1,0.000,9
122,24546061531,6,9,1,0.000,9
123,24546081578,6,9,1,0.000,9
124,24546101894,6,9,1,0.000,9
125,24546122323,6,9,1,0.000,9
126,24546141149,6,9,1,0.000,9
127,24546161809,6,9,1,0.000,9
128,24546180942,6,9,1,0.000,9
129,24546202404,6,9,1,0.000,9
130,24546222049,6,9,1,0.000,9
131,24546240967,6,9,1,0.000,9
132,24546261433,6,9,1,0.000,9
133,24546281586,6,9,1,0.000,9
134,24546301887,6,9,1,0.000,9
135,24546321841,6,9,1,0.000,9
136,24546341666,6,9,1,0.000,9
137,24546361477,6,9,1,0.000,9
138,24546381039,6,9,1,0.000,9
139,24546403534,6,9,1,0.000,9
140,24546420875,6,9,1,0.000,9
141,24546442084,6,9,1,0.000,9
142,24546461035,6,9,1,0.000,9
143,24546481558,6,9,1,0.000,9
144,24546501270,6,9,1,0.000,9
145,24546522374,6,9,1,0.000,9
146,24546543243,6,9,1,0.000,9
147,24546561480,6,9,1,0.000,9
148,24546581298,6,9,1,0.000,9
149,24546604602,6,9,1,0.000,9
150,24546622048,6,9,1,0.000,9
151,24546641755,6,9,1,0.000,9
152,24546661985,6,9,1,0.000,9
153,24546681053,6,9,1,0.000,9
154,24546701555,6,9,1,0.000,9
155,24546723264,6,9,1,0.000,9
156,24546741484,6,9,1,0.000,9
157,24546761614,6,9,1,0.000,9
158,24546784871,6,9,1,0.000,9
159,24546801832,6,9,1,0.000,9
160,24546821126,6,9,1,0.000,9
161,24546841149,6,9,1,0.000,9
162,24546860970,6,9,1,0.000,9
163,24546881072,6,9,1,0.000,9
164,24546901807,6,9,1,0.000,9
165,24546921174,6,9,1,0.000,9
166,24546941497,6,9,1,0.000,9
167,24546961886,6,9,1,0.000,9
168,24546984867,6,9,1,0.000,9
169,24547002096,6,9,1,0.000,9
170,24547021381,6,9,1,0.000,9
171,24547041395,6,9,1,0.000,9
172,24547061621,6,9,1,0.000,9
173,24547083608,6,9,1,0.000,9
174,24547101614,6,9,1,0.000,9
175,24547121327,6,9,1,0.000,9
176,24547141745,6,9,1,0.000,9
177,24547161642,6,9,1,0.000,9
178,24547182010,6,9,1,0.000,9
179,24547200992,6,9,1,0.000,9
180,24547221083,6,9,1,0.000,9
181,24547241546,6,9,1,0.000,9
182,24547262177,6,9,1,0.000,9
183,24547285308,6,9,1,0.000,9
184,24547301411,6,9,1,0.000,9
185,24547320981,6,9,1,0.000,9
186,24547341113,6,9,1,0.000,9
187,24547361963,6,9,1,0.000,9
188,24547383565,6,9,1,0.000,9
189,24547401015,6,9,1,0.000,9
190,24547422534,6,9,1,0.000,9
191,24547441363,6,9,1,0.000,9
192,24547462404,6,9,1,0.000,9
193,24547483846,6,9,1,0.000,9
194,24547501180,6,9,1,0.000,9
195,24547521286,6,9,1,0.000,9
196,24547541078,6,9,1,0.000,9
197,24547561776,6,9,1,0.000,9
198,24547581975,6,9,1,0.000,9
199,24547604090,6,9,1,0.000,9
200,24547621765,6,9,1,0.000,9
201,24547643651,6,9,1,0.000,9
202,24547662794,0,0,0,0.000,0
203,24547682926,6,9,1,0.000,9
204,24547701281,6,9,1,0.000,9
205,24547721910,6,9,1,0.000,9
206,24547741775,6,9,1,0.000,9
207,24547762232,6,9,1,0.000,9
208,24547781428,6,9,1,0.000,9
209,24547801681,6,9,1,0.000,9
210,24547821440,6,9,1,0.000,9
211,24547842318,6,9,1,0.000,9
212,24547863144,6,9,1,0.000,9
213,24547883178,6,9,1,0.000,9
214,24547902083,6,9,1,0.000,9
215,24547924193,6,9,1,0.000,9
216,24547941474,6,9,1,0.000,9
217,24547962264,6,9,1,0.000,9
218,24547983215,6,9,1,0.000,9
219,24548001601,6,9,1,0.000,9
220,24548021664,6,9,1,0.000,9
221,24548041753,6,9,1,0.000,9
222,24548061300,6,9,1,0.000,9
223,24548082589,6,9,1,0.000,9
224,24548102287,6,9,1,0.000,9
225,24548122147,6,9,1,0.000,9
226,24548145041,6,9,1,0.000,9
227,24548161126,6,9,1,0.000,9
228,24548181346,6,9,1,0.000,9
229,24548201134,6,9,1,0.000,9
230,24548222183,6,9,1,0.000,9
231,24548241752,6,9,1,0.000,9
232,24548261726,6,9,1,0.000,9
233,24548281162,6,9,1,0.000,9
234,24548301585,6,9,1,0.000,9
235,24548323694,6,9,1,0.000,9
236,24548342136,6,9,1,0.000,9
237,24548361029,6,9,1,0.000,9
238,24548381291,6,9,1,0.000,9
239,24548401189,6,9,1,0.000,9
240,24548422214,6,9,1,0.000,9
241,24548441975,6,9,1,0.000,9
242,24548461995,6,9,1,0.000,9
243,24548482013,6,9,1,0.000,9
244,24548501770,6,9,1,0.000,9
245,24548521981,6,9,1,0.000,9
246,24548541805,6,9,1,0.000,9
247,24548562403,6,9,1,0.000,9
248,24548581284,6,9,1,0.000,9
249,24548603089,6,9,1,0.000,9
250,24548622761,6,9,1,0.000,9
251,24548642497,6,9,1,0.000,9
252,24548661211,6,9,1,0.000,9
253,24548681711,6,9,1,0.000,9
254,24548701273,6,9,1,0.000,9
255,24548722022,6,9,1,0.000,9
256,24548741904,6,9,1,0.000,9
257,24548760960,6,9,1,0.000,9
258,24548782209,6,9,1,0.000,9
259,24548801655,6,9,1,0.000,9
260,24548824570,6,9,1,0.000,9
261,24548841792,6,9,1,0.000,9
262,24548861874,6,9,1,0.000,9
263,24548884472,6,9,1,0.000,9
264,24548901265,6,9,1,0.000,9
265,24548926047,6,9,1,0.000,9
266,24548941877,6,9,1,0.000,9
267,24548962488,6,9,1,0.000,9
268,24548982525,6,9,1,0.000,9
269,24549002894,6,9,1,0.000,9
270,24549022032,6,9,1,0.000,9
271,24549041158,6,9,1,0.000,9
272,24549061112,6,9,1,0.000,9
273,24549081673,6,9,1,0.000,9
274,24549102281,6,9,1,0.000,9
275,24549123463,6,9,1,0.000,9
276,24549141316,6,9,1,0.000,9
277,24549161820,6,9,1,0.000,9
278,24549181363,6,9,1,0.000,9
279,24549203482,6,9,1,0.000,9
280,24549221912,6,9,1,0.000,9
281,24549242719,6,9,1,0.000,9
282,24549261371,6,9,1,0.000,9
283,24549281379,6,9,1,0.000,9
284,24549303237,6,9,1,0.000,9
285,24549321673,6,9,1,0.000,9
286,24549340861,6,9,1,0.000,9
287,24549362486,6,9,1,0.000,9
288,24549381030,6,9,1,0.000,9
289,24549401896,6,9,1,0.000,9
290,24549421727,6,9,1,0.000,9
291,24549443818,6,9,1,0.000,9
292,24549461158,6,9,1,0.000,9
293,24549481164,6,9,1,0.000,9
294,24549500919,6,9,1,0.000,9
295,24549521313,6,9,1,0.000,9
296,24549542075,6,9,1,0.000,9
297,24549561175,6,9,1,0.000,9
298,24549581477,6,9,1,0.000,9
299,24549601292,6,9,1,0.000,9
300,24549623158,6,9,1,0.000,9
301,24549641026,6,9,1,0.000,9
302,24549661756,6,9,1,0.000,9
303,24549681793,6,9,1,0.000,9
304,24549703129,6,9,1,0.000,9
305,24549721490,6,9,1,0.000,9
306,24549741653,6,9,1,0.000,9
307,24549761403,6,9,1,0.000,9
308,24549781366,6,9,1,0.000,9
309,24549804188,6,9,1,0.000,9
310,24549821242,6,9,1,0.000,9
311,24549841328,6,9,1,0.000,9
312,24549862279,6,9,1,0.000,9
313,24549881065,6,9,1,0.000,9
314,24549905221,6,9,1,0.000,9
315,24549920663,6,9,1,0.000,9
316,24549945410,6,9,1,0.000,9
317,24549962718,6,9,1,0.000,9
318,24549983308,6,9,1,0.000,9
319,24550001066,6,9,1,0.000,9
320,24550023988,6,9,1,0.000,9
321,24550042108,6,9,1,0.000,9
322,24550061491,6,9,1,0.000,9
323,24550081953,6,9,1,0.000,9
324,24550104460,6,9,1,0.000,9
325,24550123966,6,9,1,0.000,9
326,24550140986,6,9,1,0.000,9
327,24550162153,6,9,1,0.000,9
328,24550181478,6,9,1,0.000,9
329,24550201258,6,9,1,0.000,9
330,24550221757,6,9,1,0.000,9
331,24550241542,6,9,1,0.000,9
332,24550261524,6,9,1,0.000,9
333,24550283210,6,9,1,0.000,9
334,24550302168,6,9,1,0.000,9
335,24550322768,6,9,1,0.000,9
336,24550342291,6,9,1,0.000,9
337,24550361412,6,9,1,0.000,9
338,24550384772,6,9,1,0.000,9
339,24550402028,6,9,1,0.000,9
340,24550422146,6,9,1,0.000,9
341,24550441024,6,9,1,0.000,9
342,24550464095,6,9,1,0.000,9
343,24550481159,6,9,1,0.000,9
344,24550501379,6,9,1,0.000,9
345,24550522094,6,9,1,0.000,9
346,24550541611,6,9,1,0.000,9
347,24550561193,6,9,1,0.000,9
348,24550581171,6,9,1,0.000,9
349,24550603110,6,9,1,0.000,9
350,24550623720,6,9,1,0.000,9
351,24550642520,6,9,1,0.000,9
352,24550662183,6,9,1,0.000,9
353,24550682351,6,9,1,0.000,9
354,24550701499,6,9,1,0.000,9
355,24550721687,6,9,1,0.000,9
356,24550742247,6,9,1,0.000,9
357,24550761045,6,9,1,0.000,9
358,24550781408,6,9,1,0.000,9
359,24550805063,6,9,1,0.000,9
360,24550822676,6,9,1,0.000,9
361,24550840722,6,9,1,0.000,9
362,24550862461,6,9,1,0.000,9
363,24550881022,6,9,1,0.000,9
364,24550901137,6,9,1,0.000,9
365,24550920757,6,9,1,0.000,9
366,24550941069,6,9,1,0.000,9
367,24550960944,6,9,1,0.000,9
368,24550981517,6,9,1,0.000,9
369,24551000676,6,9,1,0.000,9
370,24551021668,6,9,1,0.000,9
371,24551040642,6,9,1,0.000,9
372,24551061169,6,9,1,0.000,9
373,24551081068,6,9,1,0.000,9
374,24551101377,6,9,1,0.000,9
375,24551121457,6,9,1,0.000,9
376,24551141802,6,9,1,0.000,9
377,24551161580,6,9,1,0.000,9
378,24551181474,6,9,1,0.000,9
379,24551201147,6,9,1,0.000,9
380,24551224389,6,9,1,0.000,9
381,24551241092,6,9,1,0.000,9
382,24551262470,6,9,1,0.000,9
383,24551282793,6,9,1,0.000,9
384,24551302299,6,9,1,0.000,9
385,24551321523,6,9,1,0.000,9
386,24551341210,6,9,1,0.000,9
387,24551364084,6,9,1,0.000,9
388,24551381258,6,9,1,0.000,9
389,24551401804,6,9,1,0.000,9
390,24551421400,6,9,1,0.000,9
391,24551441533,6,9,1,0.000,9
392,24551461764,6,9,1,0.000,9
393,24551481894,6,9,1,0.000,9
394,24551501430,6,9,1,0.000,9
395,24551521462,6,9,1,0.000,9
396,24551541423,6,9,1,0.000,9
397,24551561042,6,9,1,0.000,9
398,24551582543,6,9,1,0.000,9
399,24551602818,6,9,1,0.000,9
400,24551623237,6,9,1,0.000,9
401,24551644071,6,9,1,0.000,9
402,24551661958,6,9,1,0.000,9
403,24551681605,6,9,1,0.000,9
404,24551701533,6,9,1,0.000,9
405,24551721186,6,9,1,0.000,9
406,24551741993,6,9,1,0.000,9
407,24551762308,6,9,1,0.000,9
408,24551781572,6,9,1,0.000,9
409,24551801133,6,9,1,0.000,9
410,24551821699,6,9,1,0.000,9
411,24551841242,6,9,1,0.000,9
412,24551861843,6,9,1,0.000,9
413,24551882501,6,9,1,0.000,9
414,24551903204,6,9,1,0.000,9
415,24551922533,6,9,1,0.000,9
416,24551941407,6,9,1,0.000,9
417,24551962536,6,9,1,0.000,9
418,24551982360,6,9,1,0.000,9
419,24552001485,6,9,1,0.000,9
420,24552022577,6,9,1,0.000,9
421,24552041995,6,9,1,0.000,9
422,24552061783,6,9,1,0.000,9
423,24552081530,6,9,1,0.000,9
424,24552101101,6,9,1,0.000,9
425,24552121570,6,9,1,0.000,9
426,24552141298,6,9,1,0.000,9
427,24552161517,6,9,1,0.000,9
428,24552182358,6,9,1,0.000,9
429,24552200916,6,9,1,0.000,9
430,24552221418,6,9,1,0.000,9
431,24552241577,6,9,1,0.000,9
432,24552261308,6,9,1,0.000,9
433,24552283043,6,9,1,0.000,9
434,24552300871,6,9,1,0.000,9
435,24552322309,6,9,1,0.000,9
436,24552341104,6,9,1,0.000,9
437,24552362476,6,9,1,0.000,9
438,24552380946,6,9,1,0.000,9
439,24552405218,6,9,1,0.000,9
440,24552420972,6,9,1,0.000,9
441,24552442603,6,9,1,0.000,9
442,24552461374,6,9,1,0.000,9
443,24552481317,6,9,1,0.000,9
444,24552501174,6,9,1,0.000,9
445,24552524315,6,9,1,0.000,9
446,24552541585,6,9,1,0.000,9
447,24552563236,6,9,1,0.000,9
448,24552580984,6,9,1,0.000,9
449,24552604719,6,9,1,0.000,9
450,24552621642,6,9,1,0.000,9
451,24552642824,6,9,1,0.000,9
452,24552662475,6,9,1,0.000,9
453,24552682640,6,9,1,0.000,9
454,24552702745,6,9,1,0.000,9
455,24552722042,6,9,1,0.000,9
456,24552741906,6,9,1,0.000,9
457,24552761511,6,9,1,0.000,9
458,24552781385,6,9,1,0.000,9
459,24552803207,6,9,1,0.000,9
460,24552822280,6,9,1,0.000,9
461,24552841951,6,9,1,0.000,9
462,24552863546,6,9,1,0.000,9
463,24552881599,6,9,1,0.000,9
464,24552902346,6,9,1,0.000,9
465,24552922515,6,9,1,0.000,9
466,24552941454,6,9,1,0.000,9
467,24552961211,6,9,1,0.000,9
468,24552981791,6,9,1,0.000,9
469,24553001579,6,9,1,0.000,9
470,24553021647,6,9,1,0.000,9
471,24553041995,6,9,1,0.000,9
472,24553061289,6,9,1,0.000,9
473,24553082032,6,9,1,0.000,9
474,24553102029,6,9,1,0.000,9
475,24553123086,6,9,1,0.000,9
476,24553142786,6,9,1,0.000,9
477,24553161787,6,9,1,0.000,9
478,24553182965,6,9,1,0.000,9
479,24553202409,6,9,1,0.000,9
480,24553223149,6,9,1,0.000,9
481,24553241554,6,9,1,0.000,9
482,24553261566,6,9,1,0.000,9
483,24553281463,6,9,1,0.000,9
484,24553303028,6,9,1,0.000,9
485,24553321782,6,9,1,0.000,9
486,24553342719,6,9,1,0.000,9
487,24553361237,6,9,1,0.000,9
488,24553383386,6,9,1,0.000,9
489,24553402319,6,9,1,0.000,9
490,24553421358,6,9,1,0.000,9
491,24553442168,6,9,1,0.000,9
492,24553461595,6,9,1,0.000,9
493,24553482353,6,9,1,0.000,9
494,24553501373,6,9,1,0.000,9
495,24553521792,6,9,1,0.000,9
496,24553542784,6,9,1,0.000,9
497,24553562054,6,9,1,0.000,9
498,24553582314,6,9,1,0.000,9
499,24553602044,6,9,1,0.000,9
500,24553621356,6,9,1,0.000,9
501,24553641189,6,9,1,0.000,9
502,24553661856,6,9,1,0.000,9
503,24553681044,6,9,1,0.000,9
504,24553701585,6,9,1,0.000,9
505,24553721550,6,9,1,0.000,9
506,24553741588,6,9,1,0.000,9
507,24553761861,6,9,1,0.000,9
508,24553782545,6,9,1,0.000,9
509,24553801682,6,9,1,0.000,9
510,24553821452,6,9,1,0.000,9
511,24553844300,6,9,1,0.000,9
512,24553862242,6,9,1,0.000,9
513,24553883985,6,9,1,0.000,9
514,24553902290,6,9,1,0.000,9
515,24553921058,6,9,1,0.000,9
516,24553941389,6,9,1,0.000,9
517,24553963063,6,9,1,0.000,9
518,24553982253,6,9,1,0.000,9
519,24554001633,6,9,1,0.000,9
520,24554021986,6,9,1,0.000,9
521,24554042817,6,9,1,0.000,9
522,24554064596,6,9,1,0.000,9
523,24554081620,6,9,1,0.000,9
524,24554102615,6,9,1,0.000,9
525,24554121903,6,9,1,0.000,9
526,24554142370,6,9,1,0.000,9
527,24554162117,6,9,1,0.000,9
528,24554181640,6,9,1,0.000,9
529,24554201698,6,9,1,0.000,9
530,24554221984,6,9,1,0.000,9
531,24554241223,6,9,1,0.000,9
532,24554262417,6,9,1,0.000,9
533,24554281664,6,9,1,0.000,9
534,24554301483,6,9,1,0.000,9
535,24554321476,6,9,1,0.000,9
536,24554341426,6,9,1,0.000,9
537,24554361609,6,9,1,0.000,9
538,24554382403,6,9,1,0.000,9
539,24554400993,6,9,1,0.000,9
540,24554421990,6,9,1,0.000,9
541,24554440524,6,9,1,0.000,9
542,24554461903,6,9,1,0.000,9
543,24554482030,6,9,1,0.000,9
544,24554501684,6,9,1,0.000,9
545,24554520842,6,9,1,0.000,9
546,24554541152,6,9,1,0.000,9
547,24554561388,6,9,1,0.000,9
548,24554581257,6,9,1,0.000,9
549,24554601103,6,9,1,0.000,9
550,24554624039,6,9,1,0.000,9
551,24554641411,6,9,1,0.000,9
552,24554661729,6,9,1,0.000,9
553,24554682727,6,9,1,0.000,9
554,24554702057,6,9,1,0.000,9
555,24554721872,6,9,1,0.000,9
556,24554743066,6,9,1,0.000,9
557,24554761823,6,9,1,0.000,9
558,24554782466,6,9,1,0.000,9
559,24554805601,6,9,1,0.000,9
560,24554821273,6,9,1,0.000,9
561,24554841763,6,9,1,0.000,9
562,24554861350,6,9,1,0.000,9
563,24554883798,6,9,1,0.000,9
564,24554901426,6,9,1,0.000,9
565,24554921662,6,9,1,0.000,9
566,24554942046,6,9,1,0.000,9
567,24554962945,6,9,1,0.000,9
568,24554983685,6,9,1,0.000,9
569,24555001344,6,9,1,0.000,9
570,24555023049,6,9,1,0.000,9
571,24555041015,6,9,1,0.000,9
572,24555061237,6,9,1,0.000,9
573,24555081855,6,9,1,0.000,9
574,24555100682,6,9,1,0.000,9
575,24555121803,6,9,1,0.000,9
576,24555142708,6,9,1,0.000,9
577,24555161611,6,9,1,0.000,9
578,24555181610,6,9,1,0.000,9
579,24555202655,6,9,1,0.000,9
580,24555220914,6,9,1,0.000,9
581,24555241852,6,9,1,0.000,9
582,24555263574,6,9,1,0.000,9
583,24555281658,6,9,1,0.000,9
584,24555302780,6,9,1,0.000,9
585,24555322813,6,9,1,0.000,9
586,24555341225,6,9,1,0.000,9
587,24555361962,6,9,1,0.000,9
588,24555382019,6,9,1,0.000,9
589,24555403931,6,9,1,0.000,9
590,24555422775,6,9,1,0.000,9
591,24555441922,6,9,1,0.000,9
592,24555462104,6,9,1,0.000,9
593,24555481043,6,9,1,0.000,9
594,24555501094,6,9,1,0.000,9
595,24555523310,6,9,1,0.000,9
596,24555541014,6,9,1,0.000,9
597,24555565296,6,9,1,0.000,9
598,24555581372,6,9,1,0.000,9
599,24555601744,6,9,1,0.000,9
600,24555622525,6,9,1,0.000,9
601,24555641370,6,9,1,0.000,9
602,24555661739,6,9,1,0.000,9
603,24555681610,6,9,1,0.000,9
604,24555701792,6,9,1,0.000,9
605,24555721413,6,9,1,0.000,9
606,24555742561,6,9,1,0.000,9
607,24555761419,6,9,1,0.000,9
608,24555781136,6,9,1,0.000,9
609,24555801792,6,9,1,0.000,9
610,24555822822,6,9,1,0.000,9
611,24555842219,6,9,1,0.000,9
612,24555862608,6,9,1,0.000,9
613,24555881200,6,9,1,0.000,9
614,24555901592,6,9,1,0.000,9
615,24555921312,6,9,1,0.000,9
616,24555941118,6,9,1,0.000,9
617,24555961752,6,9,1,0.000,9
618,24555982022,6,9,1,0.000,9
619,24556002445,6,9,1,0.000,9
620,24556023758,6,9,1,0.000,9
621,24556041835,6,9,1,0.000,9
622,24556061057,6,9,1,0.000,9
623,24556082782,6,9,1,0.000,9
624,24556103368,6,9,1,0.000,9
625,24556121031,6,9,1,0.000,9
626,24556141017,6,9,1,0.000,9
627,24556162127,6,9,1,0.000,9
628,24556181477,6,9,1,0.000,9
629,24556204422,6,9,1,0.000,9
630,24556222176,6,9,1,0.000,9
631,24556241909,6,9,1,0.000,9
632,24556261336,6,9,1,0.000,9
633,24556281860,6,9,1,0.000,9
634,24556301476,6,9,1,0.000,9
635,24556322129,6,9,1,0.000,9
636,24556342275,6,9,1,0.000,9
637,24556361330,6,9,1,0.000,9
638,24556381768,6,9,1,0.000,9
639,24556401525,6,9,1,0.000,9
640,24556421781,6,9,1,0.000,9
641,24556442280,6,9,1,0.000,9
642,24556462395,6,9,1,0.000,9
643,24556481631,6,9,1,0.000,9
644,24556502824,6,9,1,0.000,9
645,24556521042,6,9,1,0.000,9
646,24556542451,6,9,1,0.000,9
647,24556560902,6,9,1,0.000,9
648,24556581472,6,9,1,0.000,9
649,24556602130,6,9,1,0.000,9
650,24556622133,6,9,1,0.000,9
651,24556641198,6,9,1,0.000,9
652,24556661988,6,9,1,0.000,9
653,24556681842,6,9,1,0.000,9
654,24556703487,6,9,1,0.000,9
655,24556722086,6,9,1,0.000,9
656,24556741745,6,9,1,0.000,9
657,24556763876,6,9,1,0.000,9
658,24556782720,6,9,1,0.000,9
659,24556801181,6,9,1,0.000,9
660,24556821491,6,9,1,0.000,9
661,24556840998,6,9,1,0.000,9
662,24556861080,6,9,1,0.000,9
663,24556881301,6,9,1,0.000,9
664,24556902218,6,9,1,0.000,9
665,24556920985,6,9,1,0.000,9
666,24556942043,6,9,1,0.000,9
667,24556960897,6,9,1,0.000,9
668,24556981709,6,9,1,0.000,9
669,24557000799,6,9,1,0.000,9
670,24557021076,6,9,1,0.000,9
671,24557041373,6,9,1,0.000,9
672,24557061083,6,9,1,0.000,9
673,24557081113,6,9,1,0.000,9
674,24557102872,6,9,1,0.000,9
675,24557121175,6,9,1,0.000,9
676,24557143330,6,9,1,0.000,9
677,24557160997,6,9,1,0.000,9
678,24557181827,6,9,1,0.000,9
679,24557200970,6,9,1,0.000,9
680,24557221235,6,9,1,0.000,9
681,24557241269,6,9,1,0.000,9
682,24557261091,6,9,1,0.000,9
683,24557281239,6,9,1,0.000,9
684,24557301496,6,9,1,0.000,9
685,24557321331,6,9,1,0.000,9
686,24557344074,6,9,1,0.000,9
687,24557360943,6,9,1,0.000,9
688,24557381508,6,9,1,0.000,9
689,24557402972,6,9,1,0.000,9
690,24557422054,6,9,1,0.000,9
691,24557441779,6,9,1,0.000,9
692,24557461551,6,9,1,0.000,9
693,24557482887,6,9,1,0.000,9
694,24557502614,6,9,1,0.000,9
695,24557521871,6,9,1,0.000,9
696,24557541721,6,9,1,0.000,9
697,24557561448,6,9,1,0.000,9
698,24557582058,6,9,1,0.000,9
699,24557601835,6,9,1,0.000,9
700,24557622043,6,9,1,0.000,9
701,24557642141,6,9,1,0.000,9
702,24557661589,6,9,1,0.000,9
703,24557681820,6,9,1,0.000,9
704,24557702991,6,9,1,0.000,9
705,24557724070,6,9,1,0.000,9
706,24557741037,6,9,1,0.000,9
707,24557762144,6,9,1,0.000,9
708,24557782629,6,9,1,0.000,9
709,24557801974,6,9,1,0.000,9
710,24557822177,6,9,1,0.000,9
711,24557841713,6,9,1,0.000,9
712,24557862579,6,9,1,0.000,9
713,24557882026,6,9,1,0.000,9
714,24557901261,6,9,1,0.000,9
715,24557921863,6,9,1,0.000,9
716,24557941640,6,9,1,0.000,9
717,24557962413,6,9,1,0.000,9
718,24557981956,6,9,1,0.000,9
719,24558003235,6,9,1,0.000,9
720,24558021545,6,9,1,0.000,9
721,24558042272,6,9,1,0.000,9
722,24558062472,6,9,1,0.000,9
723,24558082210,6,9,1,0.000,9
724,24558102117,6,9,1,0.000,9
725,24558121412,6,9,1,0.000,9
726,24558142592,6,9,1,0.000,9
727,24558161276,6,9,1,0.000,9
728,24558183158,6,9,1,0.000,9
729,24558201181,6,9,1,0.000,9
730,24558221539,6,9,1,0.000,9
731,24558241123,6,9,1,0.000,9
732,24558261460,6,9,1,0.000,9
733,24558281266,6,9,1,0.000,9
734,24558301016,6,9,1,0.000,9
735,24558321579,6,9,1,0.000,9
736,24558342242,6,9,1,0.000,9
737,24558361563,6,9,1,0.000,9
738,24558382135,6,9,1,0.000,9
739,24558401947,6,9,1,0.000,9
740,24558420954,6,9,1,0.000,9
741,24558441827,6,9,1,0.000,9
742,24558462586,6,9,1,0.000,9
743,24558481909,6,9,1,0.000,9
744,24558501688,6,9,1,0.000,9
745,24558521357,6,9,1,0.000,9
746,24558542064,6,9,1,0.000,9
747,24558561899,6,9,1,0.000,9
748,24558582387,6,9,1,0.000,9
749,24558602820,6,9,1,0.000,9
750,24558621423,6,9,1,0.000,9
751,24558641403,6,9,1,0.000,9
752,24558663222,6,9,1,0.000,9
753,24558681434,6,9,1,0.000,9
754,24558701441,6,9,1,0.000,9
755,24558721883,6,9,1,0.000,9
756,24558741521,6,9,1,0.000,9
757,24558761092,6,9,1,0.000,9
758,24558783198,6,9,1,0.000,9
759,24558801077,6,9,1,0.000,9
760,24558822495,6,9,1,0.000,9
761,24558841268,6,9,1,0.000,9
762,24558863114,6,9,1,0.000,9
763,24558881782,6,9,1,0.000,9
764,24558901484,6,9,1,0.000,9
765,24558921068,6,9,1,0.000,9
766,24558941849,6,9,1,0.000,9
767,24558961289,6,9,1,0.000,9
768,24558981805,6,9,1,0.000,9
769,24559001867,6,9,1,0.000,9
770,24559021354,6,9,1,0.000,9
771,24559041389,6,9,1,0.000,9
772,24559061544,6,9,1,0.000,9
773,24559081345,6,9,1,0.000,9
774,24559101875,6,9,1,0.000,9
775,24559121075,6,9,1,0.000,9
776,24559143121,6,9,1,0.000,9
777,24559161308,6,9,1,0.000,9
778,24559182424,6,9,1,0.000,9
779,24559201537,6,9,1,0.000,9
780,24559221822,6,9,1,0.000,9
781,24559244314,6,9,1,0.000,9
782,24559262063,6,9,1,0.000,9
783,24559282202,6,9,1,0.000,9
784,24559303333,6,9,1,0.000,9
785,24559323270,6,9,1,0.000,9
786,24559341325,6,9,1,0.000,9
787,24559362715,6,9,1,0.000,9
788,24559384098,6,9,1,0.000,9
789,24559402457,6,9,1,0.000,9
790,24559421036,6,9,1,0.000,9
791,24559441840,6,9,1,0.000,9
792,24559461747,6,9,1,0.000,9
793,24559481303,6,9,1,0.000,9
794,24559501730,6,9,1,0.000,9
795,24559521283,6,9,1,0.000,9
796,24559540969,6,9,1,0.000,9
797,24559563368,6,9,1,0.000,9
798,24559581345,6,9,1,0.000,9
799,24559601691,6,9,1,0.000,9
800,24559621960,6,9,1,0.000,9
801,24559641217,6,9,1,0.000,9
802,24559660995,6,9,1,0.000,9
803,24559681595,6,9,1,0.000,9
804,24559701540,6,9,1,0.000,9
805,24559722771,6,9,1,0.000,9
806,24559741202,6,9,1,0.000,9
807,24559761057,6,9,1,0.000,9
808,24559782692,6,9,1,0.000,9
809,24559802592,6,9,1,0.000,9
810,24559822504,6,9,1,0.000,9
811,24559842116,6,9,1,0.000,9
812,24559861577,6,9,1,0.000,9
813,24559881220,6,9,1,0.000,9
814,24559901700,6,9,1,0.000,9
815,24559921405,6,9,1,0.000,9
816,24559941400,6,9,1,0.000,9
817,24559961700,6,9,1,0.000,9
818,24559982353,6,9,1,0.000,9
819,24560002483,6,9,1,0.000,9
820,24560021516,6,9,1,0.000,9
821,24560042339,6,9,1,0.000,9
822,24560064253,6,9,1,0.000,9
823,24560081055,6,9,1,0.000,9
824,24560102849,6,9,1,0.000,9
825,24560122831,6,9,1,0.000,9
826,24560141386,6,9,1,0.000,9
827,24560162716,6,9,1,0.000,9
828,24560182097,6,9,1,0.000,9
829,24560201744,6,9,1,0.000,9
830,24560221293,6,9,1,0.000,9
831,24560241333,6,9,1,0.000,9
832,24560262354,6,9,1,0.000,9
833,24560281420,6,9,1,0.000,9
834,24560302735,6,9,1,0.000,9
835,24560320918,6,9,1,0.000,9
836,24560341480,6,9,1,0.000,9
837,24560362380,6,9,1,0.000,9
838,24560381786,6,9,1,0.000,9
839,24560401806,6,9,1,0.000,9
840,24560424625,6,9,1,0.000,9
841,24560441800,6,9,1,0.000,9
842,24560463731,6,9,1,0.000,9
843,24560483287,6,9,1,0.000,9
844,24560501110,6,9,1,0.000,9
845,24560521943,6,9,1,0.000,9
846,24560541150,6,9,1,0.000,9
847,24560563035,6,9,1,0.000,9
848,24560580990,6,9,1,0.000,9
849,24560602225,6,9,1,0.000,9
850,24560622184,6,9,1,0.000,9
851,24560642319,6,9,1,0.000,9
852,24560661986,6,9,1,0.000,9
853,24560681423,6,9,1,0.000,9
854,24560704090,6,9,1,0.000,9
855,24560722019,6,9,1,0.000,9
856,24560742310,6,9,1,0.000,9
857,24560761449,6,9,1,0.000,9
858,24560781575,6,9,1,0.000,9
859,24560801675,6,9,1,0.000,9
860,24560822092,6,9,1,0.000,9
861,24560843266,6,9,1,0.000,9
862,24560861698,6,9,1,0.000,9
863,24560881809,6,9,1,0.000,9
864,24560902671,6,9,1,0.000,9
865,24560922813,6,9,1,0.000,9
866,24560941776,6,9,1,0.000,9
867,24560961460,6,9,1,0.000,9
868,24560982301,6,9,1,0.000,9
869,24561002345,6,9,1,0.000,9
870,24561022284,6,9,1,0.000,9
871,24561043023,6,9,1,0.000,9
872,24561062524,6,9,1,0.000,9
873,24561082038,6,9,1,0.000,9
874,24561102115,6,9,1,0.000,9
875,24561124372,6,9,1,0.000,9
876,24561141615,6,9,1,0.000,9
877,24561162057,6,9,1,0.000,9
878,24561182168,6,9,1,0.000,9
879,24561202344,6,9,1,0.000,9
880,24561221431,6,9,1,0.000,9
881,24561241329,6,9,1,0.000,9
882,24561261045,6,9,1,0.000,9
883,24561281476,6,9,1,0.000,9
884,24561301492,6,9,1,0.000,9
885,24561322661,6,9,1,0.000,9
886,24561344864,6,9,1,0.000,9
887,24561361365,6,9,1,0.000,9
888,24561381888,6,9,1,0.000,9
889,24561402445,6,9,1,0.000,9
890,24561421247,6,9,1,0.000,9
891,24561444920,6,9,1,0.000,9
892,24561461996,6,9,1,0.000,9
893,24561483392,6,9,1,0.000,9
894,24561501262,6,9,1,0.000,9
895,24561521591,6,9,1,0.000,9
896,24561542073,6,9,1,0.000,9
897,24561561287,6,9,1,0.000,9
898,24561581519,6,9,1,0.000,9
899,24561601318,6,9,1,0.000,9
900,24561621499,6,9,1,0.000,9
901,24561641239,6,9,1,0.000,9
902,24561661028,6,9,1,0.000,9
903,24561681430,6,9,1,0.000,9
904,24561702049,6,9,1,0.000,9
905,24561721195,6,9,1,0.000,9
906,24561742658,6,9,1,0.000,9
907,24561763083,6,9,1,0.000,9
908,24561781792,6,9,1,0.000,9
909,24561801884,6,9,1,0.000,9
910,24561821378,6,9,1,0.000,9
911,24561843941,6,9,1,0.000,9
912,24561862742,6,9,1,0.000,9
913,24561881336,6,9,1,0.000,9
914,24561903234,6,9,1,0.000,9
915,24561921387,6,9,1,0.000,9
916,24561941365,6,9,1,0.000,9
917,24561962759,6,9,1,0.000,9
918,24561985011,6,9,1,0.000,9
919,24562001412,6,9,1,0.000,9
920,24562022850,6,9,1,0.000,9
921,24562041604,6,9,1,0.000,9
922,24562063064,6,9,1,0.000,9
923,24562081995,6,9,1,0.000,9
924,24562101564,6,9,1,0.000,9
925,24562122444,6,9,1,0.000,9
926,24562141863,6,9,1,0.000,9
927,24562162501,6,9,1,0.000,9
928,24562181177,6,9,1,0.000,9
929,24562201592,6,9,1,0.000,9
930,24562221748,6,9,1,0.000,9
931,24562241031,6,9,1,0.000,9
932,24562261554,6,9,1,0.000,9
933,24562280971,6,9,1,0.000,9
934,24562301185,6,9,1,0.000,9
935,24562325251,6,9,1,0.000,9
936,24562341696,6,9,1,0.000,9
937,24562362339,6,9,1,0.000,9
938,24562382380,6,9,1,0.000,9
939,24562404927,6,9,1,0.000,9
940,24562421912,6,9,1,0.000,9
941,24562441661,6,9,1,0.000,9
942,24562461721,6,9,1,0.000,9
943,24562480984,6,9,1,0.000,9
944,24562501669,6,9,1,0.000,9
945,24562521079,6,9,1,0.000,9
946,24562541784,6,9,1,0.000,9
947,24562561816,6,9,1,0.000,9
948,24562581753,6,9,1,0.000,9
949,24562600821,6,9,1,0.000,9
950,24562623071,6,9,1,0.000,9
951,24562640843,6,9,1,0.000,9
952,24562661395,6,9,1,0.000,9
953,24562682867,6,9,1,0.000,9
954,24562701976,6,9,1,0.000,9
955,24562721831,6,9,1,0.000,9
956,24562741197,6,9,1,0.000,9
957,24562762226,6,9,1,0.000,9
958,24562784601,6,9,1,0.000,9
959,24562803091,6,9,1,0.000,9
960,24562822090,6,9,1,0.000,9
961,24562841484,6,9,1,0.000,9
962,24562862158,6,9,1,0.000,9
963,24562881049,6,9,1,0.000,9
964,24562901464,6,9,1,0.000,9
965,24562921512,6,9,1,0.000,9
966,24562941364,6,9,1,0.000,9
967,24562962662,6,9,1,0.000,9
968,24562981348,6,9,1,0.000,9
969,24563004091,6,9,1,0.000,9
970,24563021793,6,9,1,0.000,9
971,24563041385,6,9,1,0.000,9
972,24563062446,6,9,1,0.000,9
973,24563081842,6,9,1,0.000,9
974,24563101110,6,9,1,0.000,9
975,24563121551,6,9,1,0.000,9
976,24563141732,6,9,1,0.000,9
977,24563161026,6,9,1,0.000,9
978,24563181921,6,9,1,0.000,9
979,24563200886,6,9,1,0.000,9
980,24563222011,6,9,1,0.000,9
981,24563240844,6,9,1,0.000,9
982,24563261520,6,9,1,0.000,9
983,24563284269,6,9,1,0.000,9
984,24563302176,6,9,1,0.000,9
985,24563323511,6,9,1,0.000,9
986,24563343133,6,9,1,0.000,9
987,24563362083,6,9,1,0.000,9
988,24563383928,6,9,1,0.000,9
989,24563403473,6,9,1,0.000,9
990,24563421398,6,9,1,0.000,9
991,24563444822,6,9,1,0.000,9
992,24563461521,6,9,1,0.000,9
993,24563481946,6,9,1,0.000,9
